evidence_id	assertion_id	disorder_id	disorder_name	source_file	section	section_index	path	evidence_index	reference	supports	evidence_source	snippet	explanation	raw_json
168	169	8	Acne Vulgaris	Acne_Vulgaris.yaml	infectious_agent	0	evidence	0	PMID:24062871	SUPPORT		Propionibacterium acnes colonizes the duct of the sebaceous follicle, causing an innate immune response and the progression from a so-called noninflammatory comedo to an inflammatory papule, pustule, or nodule.	This review links C. acnes colonization to inflammatory progression in acne.	"{""explanation"": ""This review links C. acnes colonization to inflammatory progression in acne."", ""reference"": ""PMID:24062871"", ""snippet"": ""Propionibacterium acnes colonizes the duct of the sebaceous follicle, causing an innate immune response and the progression from a so-called noninflammatory comedo to an inflammatory papule, pustule, or nodule."", ""supports"": ""SUPPORT""}"
220	217	9	Acquired Immunodeficiency Syndrome	Acquired_Immunodeficiency_Syndrome.yaml	infectious_agent	0	evidence	0	PMID:1396037	SUPPORT		Acquired immunodeficiency syndrome (AIDS) is caused by infection with a pathogenic human retrovirus known as human immunodeficiency virus (HIV).		"{""reference"": ""PMID:1396037"", ""snippet"": ""Acquired immunodeficiency syndrome (AIDS) is caused by infection with a pathogenic human retrovirus known as human immunodeficiency virus (HIV)."", ""supports"": ""SUPPORT""}"
221	217	9	Acquired Immunodeficiency Syndrome	Acquired_Immunodeficiency_Syndrome.yaml	infectious_agent	0	evidence	1	PMID:28365729	SUPPORT		The human immunodeficiency virus (HIV) is associated with one of the most widespread infectious disease, the acquired immunodeficiency syndrome (AIDS).		"{""reference"": ""PMID:28365729"", ""snippet"": ""The human immunodeficiency virus (HIV) is associated with one of the most widespread infectious disease, the acquired immunodeficiency syndrome (AIDS)."", ""supports"": ""SUPPORT""}"
222	217	9	Acquired Immunodeficiency Syndrome	Acquired_Immunodeficiency_Syndrome.yaml	infectious_agent	0	evidence	2	PMID:29402983	SUPPORT		Human immunodeficiency virus (HIV) is the retroviral agent that causes acquired immune deficiency syndrome (AIDS).		"{""reference"": ""PMID:29402983"", ""snippet"": ""Human immunodeficiency virus (HIV) is the retroviral agent that causes acquired immune deficiency syndrome (AIDS)."", ""supports"": ""SUPPORT""}"
391	289	11	Adult T-Cell Leukemia/Lymphoma	Adult_T_Cell_Leukemia_Lymphoma.yaml	infectious_agent	0	evidence	0	PMID:41553980	SUPPORT		HTLV-1 is a retrovirus associated with adult T cell leukemia/lymphoma (ATL) and inflammatory diseases, including HTLV-1-associated myelopathy (HAM) and HTLV-1-associated bronchopneumonopathy (HAB).	This abstract explicitly links HTLV-1 to adult T-cell leukemia/lymphoma, supporting the infectious etiology.	"{""explanation"": ""This abstract explicitly links HTLV-1 to adult T-cell leukemia/lymphoma, supporting the infectious etiology."", ""reference"": ""PMID:41553980"", ""snippet"": ""HTLV-1 is a retrovirus associated with adult T cell leukemia/lymphoma (ATL) and inflammatory diseases, including HTLV-1-associated myelopathy (HAM) and HTLV-1-associated bronchopneumonopathy (HAB)."", ""supports"": ""SUPPORT""}"
1174	927	39	Bacterial meningitis	Bacterial_meningitis.yaml	infectious_agent	0	evidence	0	PMID:17696042	SUPPORT		Neisseria meningitidis is the most common cause of meningitis in children aged 2-18 with a mortality rate ranging from 4-40% and substantial morbidity in 11-19% of survivors.	The literature states that Neisseria meningitidis is the most common	"{""explanation"": ""The literature states that Neisseria meningitidis is the most common"", ""reference"": ""PMID:17696042"", ""snippet"": ""Neisseria meningitidis is the most common cause of meningitis in children aged 2-18 with a mortality rate ranging from 4-40% and substantial morbidity in 11-19% of survivors."", ""supports"": ""SUPPORT""}"
1175	927	39	Bacterial meningitis	Bacterial_meningitis.yaml	infectious_agent	0	evidence	1	PMID:38524112	SUPPORT		This meningococcal meningitis cluster caused by Neisseria meningitidis serogroup C occurred among non-vaccinated persons mostly aged <18 years in Palorinya Refugee Settlement.	The literature mentions a cluster of meningitis cases caused by Neisseria meningitidis in a population mostly under 18 years old, supporting the statement that it is a common cause of bacterial meningitis in children and young adults.	"{""explanation"": ""The literature mentions a cluster of meningitis cases caused by Neisseria meningitidis in a population mostly under 18 years old, supporting the statement that it is a common cause of bacterial meningitis in children and young adults."", ""reference"": ""PMID:38524112"", ""snippet"": ""This meningococcal meningitis cluster caused by Neisseria meningitidis serogroup C occurred among non-vaccinated persons mostly aged <18 years in Palorinya Refugee Settlement."", ""supports"": ""SUPPORT""}"
1176	928	39	Bacterial meningitis	Bacterial_meningitis.yaml	infectious_agent	1	evidence	0	PMID:9519033	SUPPORT		S pneumoniae is now the most common cause in children and adults overall.	The reference clearly states that Streptococcus pneumoniae is the most common cause of bacterial meningitis in adults.	"{""explanation"": ""The reference clearly states that Streptococcus pneumoniae is the most common cause of bacterial meningitis in adults."", ""reference"": ""PMID:9519033"", ""snippet"": ""S pneumoniae is now the most common cause in children and adults overall."", ""supports"": ""SUPPORT""}"
1177	928	39	Bacterial meningitis	Bacterial_meningitis.yaml	infectious_agent	1	evidence	1	PMID:30873934	SUPPORT		Streptococcus pneumoniae (the pneumoccus) is the leading cause of otitis media, community-acquired pneumonia, and bacterial meningitis.	The reference confirms that Streptococcus pneumoniae is the leading cause of bacterial meningitis.	"{""explanation"": ""The reference confirms that Streptococcus pneumoniae is the leading cause of bacterial meningitis."", ""reference"": ""PMID:30873934"", ""snippet"": ""Streptococcus pneumoniae (the pneumoccus) is the leading cause of otitis media, community-acquired pneumonia, and bacterial meningitis."", ""supports"": ""SUPPORT""}"
1178	928	39	Bacterial meningitis	Bacterial_meningitis.yaml	infectious_agent	1	evidence	2	PMID:24568594	SUPPORT		The most common causative organisms were Neisseria meningitidis (41%) and Streptococcus pneumoniae (30%).	The reference indicates that Streptococcus pneumoniae is one of the most common causes of bacterial meningitis in adults, supporting the statement.	"{""explanation"": ""The reference indicates that Streptococcus pneumoniae is one of the most common causes of bacterial meningitis in adults, supporting the statement."", ""reference"": ""PMID:24568594"", ""snippet"": ""The most common causative organisms were Neisseria meningitidis (41%) and Streptococcus pneumoniae (30%)."", ""supports"": ""SUPPORT""}"
1179	929	39	Bacterial meningitis	Bacterial_meningitis.yaml	infectious_agent	2	evidence	0	PMID:11032188	SUPPORT		Hib was the most common cause of bacterial meningitis and other invasive bacterial diseases in this age group.	The reference indicates that Haemophilus influenzae type b (Hib) was the most common cause of bacterial meningitis in children before the Hib vaccine was introduced.	"{""explanation"": ""The reference indicates that Haemophilus influenzae type b (Hib) was the most common cause of bacterial meningitis in children before the Hib vaccine was introduced."", ""reference"": ""PMID:11032188"", ""snippet"": ""Hib was the most common cause of bacterial meningitis and other invasive bacterial diseases in this age group."", ""supports"": ""SUPPORT""}"
1180	929	39	Bacterial meningitis	Bacterial_meningitis.yaml	infectious_agent	2	evidence	1	PMID:15907145	SUPPORT		Recently, Haemophilus influenzae type b (Hib), once a common cause of meningitis, has virtually disappeared in developed nations, reflecting the overwhelming success of Hib vaccination.	This reference supports the statement by noting that Hib was once a common cause of meningitis before the introduction of the Hib vaccine.	"{""explanation"": ""This reference supports the statement by noting that Hib was once a common cause of meningitis before the introduction of the Hib vaccine."", ""reference"": ""PMID:15907145"", ""snippet"": ""Recently, Haemophilus influenzae type b (Hib), once a common cause of meningitis, has virtually disappeared in developed nations, reflecting the overwhelming success of Hib vaccination."", ""supports"": ""SUPPORT""}"
1181	929	39	Bacterial meningitis	Bacterial_meningitis.yaml	infectious_agent	2	evidence	2	PMID:31981610	SUPPORT		H. influenzae type b is the leading cause of bacterial meningitis in children before introduction of vaccination.	This reference clearly states that Haemophilus influenzae type b was the leading cause of bacterial meningitis in children before the vaccine was introduced.	"{""explanation"": ""This reference clearly states that Haemophilus influenzae type b was the leading cause of bacterial meningitis in children before the vaccine was introduced."", ""reference"": ""PMID:31981610"", ""snippet"": ""H. influenzae type b is the leading cause of bacterial meningitis in children before introduction of vaccination."", ""supports"": ""SUPPORT""}"
1182	930	39	Bacterial meningitis	Bacterial_meningitis.yaml	infectious_agent	3	evidence	0	PMID:13904618	SUPPORT		Listeria monocytogenes meningitis in neonates.	This reference specifically mentions Listeria monocytogenes causing meningitis in neonates.	"{""explanation"": ""This reference specifically mentions Listeria monocytogenes causing meningitis in neonates."", ""reference"": ""PMID:13904618"", ""snippet"": ""Listeria monocytogenes meningitis in neonates."", ""supports"": ""SUPPORT""}"
1183	930	39	Bacterial meningitis	Bacterial_meningitis.yaml	infectious_agent	3	evidence	1	PMID:33583696	SUPPORT		Listeria monocytogenes is a foodborne pathogen responsible for listeriosis, an infection that can manifest in humans as bacteremia, meningoencephalitis in immunocompromised patients and the elderly, and fetal-placental infection in pregnant women.	This reference supports the statement by indicating that Listeria monocytogenes can cause meningoencephalitis in immunocompromised patients and fetal-placental infection in pregnant women.	"{""explanation"": ""This reference supports the statement by indicating that Listeria monocytogenes can cause meningoencephalitis in immunocompromised patients and fetal-placental infection in pregnant women."", ""reference"": ""PMID:33583696"", ""snippet"": ""Listeria monocytogenes is a foodborne pathogen responsible for listeriosis, an infection that can manifest in humans as bacteremia, meningoencephalitis in immunocompromised patients and the elderly, and fetal-placental infection in pregnant women."", ""supports"": ""SUPPORT""}"
1184	930	39	Bacterial meningitis	Bacterial_meningitis.yaml	infectious_agent	3	evidence	2	PMID:28536811	SUPPORT		Listeria has a predilection to affect immunocompromised patients, elderly people, pregnant women and neonates.	This reference supports the statement by indicating that Listeria monocytogenes affects immunocompromised patients, pregnant women, and neonates.	"{""explanation"": ""This reference supports the statement by indicating that Listeria monocytogenes affects immunocompromised patients, pregnant women, and neonates."", ""reference"": ""PMID:28536811"", ""snippet"": ""Listeria has a predilection to affect immunocompromised patients, elderly people, pregnant women and neonates."", ""supports"": ""SUPPORT""}"
1185	930	39	Bacterial meningitis	Bacterial_meningitis.yaml	infectious_agent	3	evidence	3	PMID:27055168	SUPPORT		Listeria monocytogenes may cause meningitis, meningoencephalitis, brain abscess, pyogenic arthritis, osteomyelitis, and liver abscess in children.	This reference supports the statement by indicating that Listeria monocytogenes can cause meningitis in children, which includes newborns.	"{""explanation"": ""This reference supports the statement by indicating that Listeria monocytogenes can cause meningitis in children, which includes newborns."", ""reference"": ""PMID:27055168"", ""snippet"": ""Listeria monocytogenes may cause meningitis, meningoencephalitis, brain abscess, pyogenic arthritis, osteomyelitis, and liver abscess in children."", ""supports"": ""SUPPORT""}"
1186	930	39	Bacterial meningitis	Bacterial_meningitis.yaml	infectious_agent	3	evidence	4	PMID:6349348	SUPPORT		Predominant pathogens are Escherichia coli, group B streptococci, Listeria monocytogenes, Haemophilus influenzae, Neisseria meningitidis, and Streptococcus pneumoniae.	This reference supports the statement by listing Listeria monocytogenes as a predominant pathogen in bacterial meningitis.	"{""explanation"": ""This reference supports the statement by listing Listeria monocytogenes as a predominant pathogen in bacterial meningitis."", ""reference"": ""PMID:6349348"", ""snippet"": ""Predominant pathogens are Escherichia coli, group B streptococci, Listeria monocytogenes, Haemophilus influenzae, Neisseria meningitidis, and Streptococcus pneumoniae."", ""supports"": ""SUPPORT""}"
1187	930	39	Bacterial meningitis	Bacterial_meningitis.yaml	infectious_agent	3	evidence	5	PMID:10470563	SUPPORT		Bacterial pathogens primarily are associated with the maternal genitourinary tract.	This reference supports the statement by associating bacterial meningitis in neonates with maternal genitourinary tract pathogens, which includes Listeria monocytogenes.	"{""explanation"": ""This reference supports the statement by associating bacterial meningitis in neonates with maternal genitourinary tract pathogens, which includes Listeria monocytogenes."", ""reference"": ""PMID:10470563"", ""snippet"": ""Bacterial pathogens primarily are associated with the maternal genitourinary tract."", ""supports"": ""SUPPORT""}"
1377	1041	43	Bejel	Bejel.yaml	infectious_agent	0	evidence	0	PMID:35687593	SUPPORT		Bejel (endemic syphilis) is a neglected non-venereal disease caused by Treponema pallidum subsp. endemicum (TEN).	The abstract identifies the causative treponeme for bejel.	"{""explanation"": ""The abstract identifies the causative treponeme for bejel."", ""reference"": ""PMID:35687593"", ""snippet"": ""Bejel (endemic syphilis) is a neglected non-venereal disease caused by Treponema pallidum subsp. endemicum (TEN)."", ""supports"": ""SUPPORT""}"
1491	1225	51	Burkitt Lymphoma	Burkitt_Lymphoma.yaml	infectious_agent	0	evidence	0	PMID:7797201	SUPPORT		There is a strong association (approximately 95%) of endemic Burkitt's lymphoma with Epstein-Barr virus (EBV)	Abstract reports high EBV association in endemic Burkitt lymphoma.	"{""explanation"": ""Abstract reports high EBV association in endemic Burkitt lymphoma."", ""reference"": ""PMID:7797201"", ""snippet"": ""There is a strong association (approximately 95%) of endemic Burkitt's lymphoma with Epstein-Barr virus (EBV)"", ""supports"": ""SUPPORT""}"
1494	1240	52	Buruli ulcer	Buruli_Ulcer.yaml	infectious_agent	0	evidence	0	PMID:21240839	SUPPORT		Buruli ulcer (BU), caused by Mycobacterium ulcerans	The abstract identifies M. ulcerans as the cause of Buruli ulcer.	"{""explanation"": ""The abstract identifies M. ulcerans as the cause of Buruli ulcer."", ""reference"": ""PMID:21240839"", ""snippet"": ""Buruli ulcer (BU), caused by Mycobacterium ulcerans"", ""supports"": ""SUPPORT""}"
1568	1370	58	Cervical Cancer	Cervical_Cancer.yaml	infectious_agent	0	evidence	0	PMID:41503346	SUPPORT		Persistent infection with high-risk human papillomavirus (HR HPV) is the necessary cause of cervical cancer.	Supports HPV as the necessary causal agent for cervical cancer.	"{""explanation"": ""Supports HPV as the necessary causal agent for cervical cancer."", ""reference"": ""PMID:41503346"", ""snippet"": ""Persistent infection with high-risk human papillomavirus (HR HPV) is the necessary cause of cervical cancer."", ""supports"": ""SUPPORT""}"
1569	1384	59	Chagas disease	Chagas_Disease.yaml	infectious_agent	0	evidence	0	PMID:34207491	SUPPORT		Chagas disease is caused by the kinetoplastid parasite Trypanosoma cruzi	The review identifies Trypanosoma cruzi as the causative agent.	"{""explanation"": ""The review identifies Trypanosoma cruzi as the causative agent."", ""reference"": ""PMID:34207491"", ""snippet"": ""Chagas disease is caused by the kinetoplastid parasite Trypanosoma cruzi"", ""supports"": ""SUPPORT""}"
1575	1390	60	Chikungunya	Chikungunya.yaml	infectious_agent	0	evidence	0	PMID:29533749	SUPPORT		Chikungunya virus (CHIKV) is an arthropod-borne alphavirus	The abstract identifies CHIKV as an alphavirus.	"{""explanation"": ""The abstract identifies CHIKV as an alphavirus."", ""reference"": ""PMID:29533749"", ""snippet"": ""Chikungunya virus (CHIKV) is an arthropod-borne alphavirus"", ""supports"": ""SUPPORT""}"
1634	1414	61	Cholera	Cholera.yaml	infectious_agent	0	evidence	0	PMID:30512613	SUPPORT		Cholera is caused by Vibrio cholerae, a Gram-negative bacteria. Some strains can synthesize an enterotoxin - the cholera toxin - which is responsible for the disease.	This reference supports that Cholera is caused by a bacterium, Vibrio cholerae, which produces a toxin leading to severe diarrhea.	"{""explanation"": ""This reference supports that Cholera is caused by a bacterium, Vibrio cholerae, which produces a toxin leading to severe diarrhea."", ""reference"": ""PMID:30512613"", ""snippet"": ""Cholera is caused by Vibrio cholerae, a Gram-negative bacteria. Some strains can synthesize an enterotoxin - the cholera toxin - which is responsible for the disease."", ""supports"": ""SUPPORT""}"
1635	1414	61	Cholera	Cholera.yaml	infectious_agent	0	evidence	1	PMID:21880975	SUPPORT		Vibrio cholerae serogroup O1, the causative agent of the diarrheal disease cholera, is divided into two biotypes: classical and El Tor. Both biotypes produce the major virulence factors toxin-coregulated pilus (TCP) and cholera toxin (CT).	This reference supports the existence of Classical and El Tor biotypes under the O1 serogroup of Vibrio cholerae.	"{""explanation"": ""This reference supports the existence of Classical and El Tor biotypes under the O1 serogroup of Vibrio cholerae."", ""reference"": ""PMID:21880975"", ""snippet"": ""Vibrio cholerae serogroup O1, the causative agent of the diarrheal disease cholera, is divided into two biotypes: classical and El Tor. Both biotypes produce the major virulence factors toxin-coregulated pilus (TCP) and cholera toxin (CT)."", ""supports"": ""SUPPORT""}"
1636	1414	61	Cholera	Cholera.yaml	infectious_agent	0	evidence	2	PMID:17716938	SUPPORT		The bacterial protein toxin of Vibrio cholerae, cholera toxin, is a major agent involved in severe diarrhoeal disease.	This reference confirms that the cholera toxin produced by Vibrio cholerae is responsible for severe diarrhea.	"{""explanation"": ""This reference confirms that the cholera toxin produced by Vibrio cholerae is responsible for severe diarrhea."", ""reference"": ""PMID:17716938"", ""snippet"": ""The bacterial protein toxin of Vibrio cholerae, cholera toxin, is a major agent involved in severe diarrhoeal disease."", ""supports"": ""SUPPORT""}"
1637	1414	61	Cholera	Cholera.yaml	infectious_agent	0	evidence	3	PMID:27222028	SUPPORT		Cholera is caused by infection with Vibrio cholerae.	This reference supports the statement that Vibrio cholerae causes cholera.	"{""explanation"": ""This reference supports the statement that Vibrio cholerae causes cholera."", ""reference"": ""PMID:27222028"", ""snippet"": ""Cholera is caused by infection with Vibrio cholerae."", ""supports"": ""SUPPORT""}"
1638	1414	61	Cholera	Cholera.yaml	infectious_agent	0	evidence	4	PMID:34586051	SUPPORT		Vibrio cholerae O1 is the aetiological agent of the severe diarrhoeal disease cholera.	This reference supports that Vibrio cholerae O1 is a subtype that causes cholera.	"{""explanation"": ""This reference supports that Vibrio cholerae O1 is a subtype that causes cholera."", ""reference"": ""PMID:34586051"", ""snippet"": ""Vibrio cholerae O1 is the aetiological agent of the severe diarrhoeal disease cholera."", ""supports"": ""SUPPORT""}"
1773	1465	62	Chromoblastomycosis	Chromoblastomycosis.yaml	infectious_agent	0	evidence	0	PMID:20711281	SUPPORT		The most common etiologic agents are Fonsecaea pedrosoi and Cladophialophora carrionii, both of which can be isolated from plant debris.	The abstract identifies F. pedrosoi as a common etiologic agent.	"{""explanation"": ""The abstract identifies F. pedrosoi as a common etiologic agent."", ""reference"": ""PMID:20711281"", ""snippet"": ""The most common etiologic agents are Fonsecaea pedrosoi and Cladophialophora carrionii, both of which can be isolated from plant debris."", ""supports"": ""SUPPORT""}"
1774	1466	62	Chromoblastomycosis	Chromoblastomycosis.yaml	infectious_agent	1	evidence	0	PMID:20711281	SUPPORT		The most common etiologic agents are Fonsecaea pedrosoi and Cladophialophora carrionii, both of which can be isolated from plant debris.	The abstract identifies C. carrionii as a common etiologic agent.	"{""explanation"": ""The abstract identifies C. carrionii as a common etiologic agent."", ""reference"": ""PMID:20711281"", ""snippet"": ""The most common etiologic agents are Fonsecaea pedrosoi and Cladophialophora carrionii, both of which can be isolated from plant debris."", ""supports"": ""SUPPORT""}"
2201	1918	82	Cystic echinococcosis	Cystic_Echinococcosis.yaml	infectious_agent	0	evidence	0	PMID:27047771	SUPPORT		Cystic echinococcosis (CE) is a widely endemic helminthic disease caused by infection with metacestodes (larval stage) of the Echinococcus granulosus tapeworm.	The abstract identifies E. granulosus metacestodes as the cause of CE.	"{""explanation"": ""The abstract identifies E. granulosus metacestodes as the cause of CE."", ""reference"": ""PMID:27047771"", ""snippet"": ""Cystic echinococcosis (CE) is a widely endemic helminthic disease caused by infection with metacestodes (larval stage) of the Echinococcus granulosus tapeworm."", ""supports"": ""SUPPORT""}"
2255	1978	86	Dengue	Dengue.yaml	infectious_agent	0	evidence	0	PMID:34171205	SUPPORT		Dengue is a vector-borne viral disease caused by the flavivirus dengue virus (DENV).	The review identifies dengue virus as the causative flavivirus.	"{""explanation"": ""The review identifies dengue virus as the causative flavivirus."", ""reference"": ""PMID:34171205"", ""snippet"": ""Dengue is a vector-borne viral disease caused by the flavivirus dengue virus (DENV)."", ""supports"": ""SUPPORT""}"
2306	2110	94	Dracunculiasis	Dracunculiasis.yaml	infectious_agent	0	evidence	0	PMID:27162746	SUPPORT		Dracunculiasis, otherwise known as guinea worm disease (GWD), is caused by infection with the nematode Dracunculus medinensis.	The abstract identifies D. medinensis as the causative nematode.	"{""explanation"": ""The abstract identifies D. medinensis as the causative nematode."", ""reference"": ""PMID:27162746"", ""snippet"": ""Dracunculiasis, otherwise known as guinea worm disease (GWD), is caused by infection with the nematode Dracunculus medinensis."", ""supports"": ""SUPPORT""}"
2328	2172	97	EBV-Associated Gastric Cancer	EBV_Associated_Gastric_Cancer.yaml	infectious_agent	0	evidence	0	PMID:41280003	SUPPORT		Epstein-Barr virus associated gastric cancer (EBVaGC) accounts for ~9-10% of gastric cancers worldwide and is defined by a distinctive molecular profile, including extreme hypermethylation of the DNA.	This abstract defines EBV-associated gastric cancer as a distinct molecular subtype and provides its global frequency.	"{""explanation"": ""This abstract defines EBV-associated gastric cancer as a distinct molecular subtype and provides its global frequency."", ""reference"": ""PMID:41280003"", ""snippet"": ""Epstein-Barr virus associated gastric cancer (EBVaGC) accounts for ~9-10% of gastric cancers worldwide and is defined by a distinctive molecular profile, including extreme hypermethylation of the DNA."", ""supports"": ""SUPPORT""}"
2367	2241	100	Ebola Virus Disease (EVD)	Ebola_Virus_Disease_EVD.yaml	infectious_agent	0	evidence	0	PMID:32080199	SUPPORT		Ebola virus disease (EVD) is a severe and frequently lethal disease caused by Ebola virus (EBOV).	The literature clearly states that EVD is caused by the Ebola virus.	"{""explanation"": ""The literature clearly states that EVD is caused by the Ebola virus."", ""reference"": ""PMID:32080199"", ""snippet"": ""Ebola virus disease (EVD) is a severe and frequently lethal disease caused by Ebola virus (EBOV)."", ""supports"": ""SUPPORT""}"
2368	2241	100	Ebola Virus Disease (EVD)	Ebola_Virus_Disease_EVD.yaml	infectious_agent	0	evidence	1	PMID:28643203	SUPPORT		Ebola virus disease (EVD) in humans is associated with four ebolaviruses: Ebola virus (EBOV), Sudan virus (SUDV), Bundibugyo virus (BDBV), and Taï Forest virus	This reference confirms that Ebola virus (EBOV) is indeed an infectious agent of EVD.	"{""explanation"": ""This reference confirms that Ebola virus (EBOV) is indeed an infectious agent of EVD."", ""reference"": ""PMID:28643203"", ""snippet"": ""Ebola virus disease (EVD) in humans is associated with four ebolaviruses: Ebola virus (EBOV), Sudan virus (SUDV), Bundibugyo virus (BDBV), and Taï Forest virus"", ""supports"": ""SUPPORT""}"
2369	2241	100	Ebola Virus Disease (EVD)	Ebola_Virus_Disease_EVD.yaml	infectious_agent	0	evidence	2	PMID:24040779	SUPPORT		Since Ebola virus was discovered in 1970s, the virus has persisted in Africa and sporadic fatal outbreaks in humans and non-human primates have been reported.	This reference states that Ebola virus is responsible for outbreaks in humans, indicating it as the infectious agent for Ebola virus disease.	"{""explanation"": ""This reference states that Ebola virus is responsible for outbreaks in humans, indicating it as the infectious agent for Ebola virus disease."", ""reference"": ""PMID:24040779"", ""snippet"": ""Since Ebola virus was discovered in 1970s, the virus has persisted in Africa and sporadic fatal outbreaks in humans and non-human primates have been reported."", ""supports"": ""SUPPORT""}"
2370	2241	100	Ebola Virus Disease (EVD)	Ebola_Virus_Disease_EVD.yaml	infectious_agent	0	evidence	3	PMID:33734027	SUPPORT		Ebola virus (EBOV), belonging to the species Zaire ebolavirus in the genus Ebolavirus, causes a severe febrile illness in humans with case fatality rates (CFRs) up to 90%.	This literature directly links Ebola virus (EBOV) to the severe illness known as Ebola Virus Disease (EVD).	"{""explanation"": ""This literature directly links Ebola virus (EBOV) to the severe illness known as Ebola Virus Disease (EVD)."", ""reference"": ""PMID:33734027"", ""snippet"": ""Ebola virus (EBOV), belonging to the species Zaire ebolavirus in the genus Ebolavirus, causes a severe febrile illness in humans with case fatality rates (CFRs) up to 90%."", ""supports"": ""SUPPORT""}"
3042	2882	119	Foodborne trematodiases	Foodborne_Trematodiases.yaml	infectious_agent	0	evidence	0	PMID:19597009	SUPPORT		An estimated 750 million people are at risk of infections with food-borne trematodes, which comprise liver flukes (Clonorchis sinensis, Fasciola gigantica, Fasciola hepatica, Opisthorchis felineus, and Opisthorchis viverrini), lung flukes (Paragonimus spp.), and intestinal flukes (e.g., Echinostoma spp., Fasciolopsis buski, and the heterophyids).	The abstract lists C. sinensis among the major liver flukes.	"{""explanation"": ""The abstract lists C. sinensis among the major liver flukes."", ""reference"": ""PMID:19597009"", ""snippet"": ""An estimated 750 million people are at risk of infections with food-borne trematodes, which comprise liver flukes (Clonorchis sinensis, Fasciola gigantica, Fasciola hepatica, Opisthorchis felineus, and Opisthorchis viverrini), lung flukes (Paragonimus spp.), and intestinal flukes (e.g., Echinostoma spp., Fasciolopsis buski, and the heterophyids)."", ""supports"": ""SUPPORT""}"
3043	2883	119	Foodborne trematodiases	Foodborne_Trematodiases.yaml	infectious_agent	1	evidence	0	PMID:19597009	SUPPORT		An estimated 750 million people are at risk of infections with food-borne trematodes, which comprise liver flukes (Clonorchis sinensis, Fasciola gigantica, Fasciola hepatica, Opisthorchis felineus, and Opisthorchis viverrini), lung flukes (Paragonimus spp.), and intestinal flukes (e.g., Echinostoma spp., Fasciolopsis buski, and the heterophyids).	The abstract lists F. gigantica among the major liver flukes.	"{""explanation"": ""The abstract lists F. gigantica among the major liver flukes."", ""reference"": ""PMID:19597009"", ""snippet"": ""An estimated 750 million people are at risk of infections with food-borne trematodes, which comprise liver flukes (Clonorchis sinensis, Fasciola gigantica, Fasciola hepatica, Opisthorchis felineus, and Opisthorchis viverrini), lung flukes (Paragonimus spp.), and intestinal flukes (e.g., Echinostoma spp., Fasciolopsis buski, and the heterophyids)."", ""supports"": ""SUPPORT""}"
3044	2884	119	Foodborne trematodiases	Foodborne_Trematodiases.yaml	infectious_agent	2	evidence	0	PMID:19597009	SUPPORT		An estimated 750 million people are at risk of infections with food-borne trematodes, which comprise liver flukes (Clonorchis sinensis, Fasciola gigantica, Fasciola hepatica, Opisthorchis felineus, and Opisthorchis viverrini), lung flukes (Paragonimus spp.), and intestinal flukes (e.g., Echinostoma spp., Fasciolopsis buski, and the heterophyids).	The abstract lists F. hepatica among the major liver flukes.	"{""explanation"": ""The abstract lists F. hepatica among the major liver flukes."", ""reference"": ""PMID:19597009"", ""snippet"": ""An estimated 750 million people are at risk of infections with food-borne trematodes, which comprise liver flukes (Clonorchis sinensis, Fasciola gigantica, Fasciola hepatica, Opisthorchis felineus, and Opisthorchis viverrini), lung flukes (Paragonimus spp.), and intestinal flukes (e.g., Echinostoma spp., Fasciolopsis buski, and the heterophyids)."", ""supports"": ""SUPPORT""}"
3045	2885	119	Foodborne trematodiases	Foodborne_Trematodiases.yaml	infectious_agent	3	evidence	0	PMID:19597009	SUPPORT		An estimated 750 million people are at risk of infections with food-borne trematodes, which comprise liver flukes (Clonorchis sinensis, Fasciola gigantica, Fasciola hepatica, Opisthorchis felineus, and Opisthorchis viverrini), lung flukes (Paragonimus spp.), and intestinal flukes (e.g., Echinostoma spp., Fasciolopsis buski, and the heterophyids).	The abstract lists O. felineus among the major liver flukes.	"{""explanation"": ""The abstract lists O. felineus among the major liver flukes."", ""reference"": ""PMID:19597009"", ""snippet"": ""An estimated 750 million people are at risk of infections with food-borne trematodes, which comprise liver flukes (Clonorchis sinensis, Fasciola gigantica, Fasciola hepatica, Opisthorchis felineus, and Opisthorchis viverrini), lung flukes (Paragonimus spp.), and intestinal flukes (e.g., Echinostoma spp., Fasciolopsis buski, and the heterophyids)."", ""supports"": ""SUPPORT""}"
3046	2886	119	Foodborne trematodiases	Foodborne_Trematodiases.yaml	infectious_agent	4	evidence	0	PMID:19597009	SUPPORT		An estimated 750 million people are at risk of infections with food-borne trematodes, which comprise liver flukes (Clonorchis sinensis, Fasciola gigantica, Fasciola hepatica, Opisthorchis felineus, and Opisthorchis viverrini), lung flukes (Paragonimus spp.), and intestinal flukes (e.g., Echinostoma spp., Fasciolopsis buski, and the heterophyids).	The abstract lists O. viverrini among the major liver flukes.	"{""explanation"": ""The abstract lists O. viverrini among the major liver flukes."", ""reference"": ""PMID:19597009"", ""snippet"": ""An estimated 750 million people are at risk of infections with food-borne trematodes, which comprise liver flukes (Clonorchis sinensis, Fasciola gigantica, Fasciola hepatica, Opisthorchis felineus, and Opisthorchis viverrini), lung flukes (Paragonimus spp.), and intestinal flukes (e.g., Echinostoma spp., Fasciolopsis buski, and the heterophyids)."", ""supports"": ""SUPPORT""}"
3047	2887	119	Foodborne trematodiases	Foodborne_Trematodiases.yaml	infectious_agent	5	evidence	0	PMID:19597009	SUPPORT		An estimated 750 million people are at risk of infections with food-borne trematodes, which comprise liver flukes (Clonorchis sinensis, Fasciola gigantica, Fasciola hepatica, Opisthorchis felineus, and Opisthorchis viverrini), lung flukes (Paragonimus spp.), and intestinal flukes (e.g., Echinostoma spp., Fasciolopsis buski, and the heterophyids).	The abstract lists Paragonimus species as lung flukes.	"{""explanation"": ""The abstract lists Paragonimus species as lung flukes."", ""reference"": ""PMID:19597009"", ""snippet"": ""An estimated 750 million people are at risk of infections with food-borne trematodes, which comprise liver flukes (Clonorchis sinensis, Fasciola gigantica, Fasciola hepatica, Opisthorchis felineus, and Opisthorchis viverrini), lung flukes (Paragonimus spp.), and intestinal flukes (e.g., Echinostoma spp., Fasciolopsis buski, and the heterophyids)."", ""supports"": ""SUPPORT""}"
3048	2888	119	Foodborne trematodiases	Foodborne_Trematodiases.yaml	infectious_agent	6	evidence	0	PMID:19597009	SUPPORT		An estimated 750 million people are at risk of infections with food-borne trematodes, which comprise liver flukes (Clonorchis sinensis, Fasciola gigantica, Fasciola hepatica, Opisthorchis felineus, and Opisthorchis viverrini), lung flukes (Paragonimus spp.), and intestinal flukes (e.g., Echinostoma spp., Fasciolopsis buski, and the heterophyids).	The abstract lists Echinostoma species among intestinal flukes.	"{""explanation"": ""The abstract lists Echinostoma species among intestinal flukes."", ""reference"": ""PMID:19597009"", ""snippet"": ""An estimated 750 million people are at risk of infections with food-borne trematodes, which comprise liver flukes (Clonorchis sinensis, Fasciola gigantica, Fasciola hepatica, Opisthorchis felineus, and Opisthorchis viverrini), lung flukes (Paragonimus spp.), and intestinal flukes (e.g., Echinostoma spp., Fasciolopsis buski, and the heterophyids)."", ""supports"": ""SUPPORT""}"
3073	2953	123	Gastric Cancer H. pylori Associated	Gastric_Cancer_H_pylori_Associated.yaml	infectious_agent	0	evidence	0	PMID:39004993	SUPPORT		Gastric cancer is one of the major causes of cancer-related deaths worldwide, and infection with Helicobacter pylori and EBV, smoking and a salt-heavy diet have been shown to be risk factors for the development of gastric cancer.	This abstract identifies H. pylori infection as a risk factor for gastric cancer, supporting the infectious etiology noted here.	"{""explanation"": ""This abstract identifies H. pylori infection as a risk factor for gastric cancer, supporting the infectious etiology noted here."", ""reference"": ""PMID:39004993"", ""snippet"": ""Gastric cancer is one of the major causes of cancer-related deaths worldwide, and infection with Helicobacter pylori and EBV, smoking and a salt-heavy diet have been shown to be risk factors for the development of gastric cancer."", ""supports"": ""SUPPORT""}"
3425	3462	145	HPV-Positive Head and Neck Cancer	HPV_Positive_Head_and_Neck_Cancer.yaml	infectious_agent	0	evidence	0	PMID:37861207	SUPPORT		HPV16 accounts for the majority of HPV positive oropharyngeal SCC cases.	Supports HPV16 predominance in HPV-positive oropharyngeal cancers.	"{""explanation"": ""Supports HPV16 predominance in HPV-positive oropharyngeal cancers."", ""reference"": ""PMID:37861207"", ""snippet"": ""HPV16 accounts for the majority of HPV positive oropharyngeal SCC cases."", ""supports"": ""SUPPORT""}"
3546	3587	151	Hepatitis B	Hepatitis_B.yaml	infectious_agent	0	evidence	0	PMID:19399811	SUPPORT		Hepatitis B virus (HBV) infects more than 300 million people worldwide and is a common cause of liver disease and liver cancer. HBV, a member of the Hepadnaviridae family, is a small DNA virus with unusual features similar to retroviruses.	The provided literature describes HBV as a DNA virus that affects the liver, causing both acute and chronic hepatitis.	"{""explanation"": ""The provided literature describes HBV as a DNA virus that affects the liver, causing both acute and chronic hepatitis."", ""reference"": ""PMID:19399811"", ""snippet"": ""Hepatitis B virus (HBV) infects more than 300 million people worldwide and is a common cause of liver disease and liver cancer. HBV, a member of the Hepadnaviridae family, is a small DNA virus with unusual features similar to retroviruses."", ""supports"": ""SUPPORT""}"
3547	3587	151	Hepatitis B	Hepatitis_B.yaml	infectious_agent	0	evidence	1	PMID:24976703	SUPPORT		Hepatitis B virus (HBV) infection is a major cause of acute and chronic hepatitis, and of its long-term complications.	The literature confirms that HBV can cause both acute and chronic hepatitis.	"{""explanation"": ""The literature confirms that HBV can cause both acute and chronic hepatitis."", ""reference"": ""PMID:24976703"", ""snippet"": ""Hepatitis B virus (HBV) infection is a major cause of acute and chronic hepatitis, and of its long-term complications."", ""supports"": ""SUPPORT""}"
3548	3587	151	Hepatitis B	Hepatitis_B.yaml	infectious_agent	0	evidence	2	PMID:30811163	SUPPORT		Hepatitis B virus (HBV) is a partly double-stranded DNA virus that causes acute and chronic liver infection.	The literature supports the statement that HBV is a DNA virus affecting the liver and causing both acute and chronic hepatitis.	"{""explanation"": ""The literature supports the statement that HBV is a DNA virus affecting the liver and causing both acute and chronic hepatitis."", ""reference"": ""PMID:30811163"", ""snippet"": ""Hepatitis B virus (HBV) is a partly double-stranded DNA virus that causes acute and chronic liver infection."", ""supports"": ""SUPPORT""}"
3767	3753	158	Human African trypanosomiasis	Human_African_Trypanosomiasis.yaml	infectious_agent	0	evidence	0	PMID:40089378	SUPPORT		Human African trypanosomiasis or sleeping sickness is caused by infection with Trypanosoma brucei gambiense or Trypanosoma brucei rhodesiense parasites	The review identifies T. b. gambiense as a causative subspecies.	"{""explanation"": ""The review identifies T. b. gambiense as a causative subspecies."", ""reference"": ""PMID:40089378"", ""snippet"": ""Human African trypanosomiasis or sleeping sickness is caused by infection with Trypanosoma brucei gambiense or Trypanosoma brucei rhodesiense parasites"", ""supports"": ""SUPPORT""}"
3768	3754	158	Human African trypanosomiasis	Human_African_Trypanosomiasis.yaml	infectious_agent	1	evidence	0	PMID:40089378	SUPPORT		Human African trypanosomiasis or sleeping sickness is caused by infection with Trypanosoma brucei gambiense or Trypanosoma brucei rhodesiense parasites	The review identifies T. b. rhodesiense as a causative subspecies.	"{""explanation"": ""The review identifies T. b. rhodesiense as a causative subspecies."", ""reference"": ""PMID:40089378"", ""snippet"": ""Human African trypanosomiasis or sleeping sickness is caused by infection with Trypanosoma brucei gambiense or Trypanosoma brucei rhodesiense parasites"", ""supports"": ""SUPPORT""}"
4193	4153	176	Kaposi Sarcoma	Kaposi_Sarcoma.yaml	infectious_agent	0	evidence	0	PMID:34731971	SUPPORT		HHV8 is the etiological agent of Kaposi sarcoma, and of rare B cell lymphoproliferative disorders mostly observed in immunocompromised hosts (patients with AIDS, transplant organ recipients) such as primary effusion lymphoma and the plasma cell variant of multicentric Castleman disease.	Confirms HHV-8/KSHV as the etiologic agent of Kaposi sarcoma.	"{""explanation"": ""Confirms HHV-8/KSHV as the etiologic agent of Kaposi sarcoma."", ""reference"": ""PMID:34731971"", ""snippet"": ""HHV8 is the etiological agent of Kaposi sarcoma, and of rare B cell lymphoproliferative disorders mostly observed in immunocompromised hosts (patients with AIDS, transplant organ recipients) such as primary effusion lymphoma and the plasma cell variant of multicentric Castleman disease."", ""supports"": ""SUPPORT""}"
4468	4365	183	Leishmaniasis	Leishmaniasis.yaml	infectious_agent	0	evidence	0	PMID:19634705	SUPPORT		Leishmaniasis is a parasitic disease caused by various species of Leishmania	The review identifies Leishmania species as the cause of leishmaniasis.	"{""explanation"": ""The review identifies Leishmania species as the cause of leishmaniasis."", ""reference"": ""PMID:19634705"", ""snippet"": ""Leishmaniasis is a parasitic disease caused by various species of Leishmania"", ""supports"": ""SUPPORT""}"
4473	4370	184	Leprosy	Leprosy.yaml	infectious_agent	0	evidence	0	PMID:28763601	SUPPORT		Leprosy is a chronic infectious disease caused by Mycobacterium (M.) leprae.	The abstract identifies M. leprae as the causative agent.	"{""explanation"": ""The abstract identifies M. leprae as the causative agent."", ""reference"": ""PMID:28763601"", ""snippet"": ""Leprosy is a chronic infectious disease caused by Mycobacterium (M.) leprae."", ""supports"": ""SUPPORT""}"
4628	4558	192	Lymphatic filariasis	Lymphatic_Filariasis.yaml	infectious_agent	0	evidence	0	PMID:38933431	SUPPORT		The major etiologic agent is a nematode called Wuchereria bancrofti, but Brugia malayi and Brugia timoriare sometimes encountered as causative agents.	The review identifies Wuchereria bancrofti as the major etiologic agent.	"{""explanation"": ""The review identifies Wuchereria bancrofti as the major etiologic agent."", ""reference"": ""PMID:38933431"", ""snippet"": ""The major etiologic agent is a nematode called Wuchereria bancrofti, but Brugia malayi and Brugia timoriare sometimes encountered as causative agents."", ""supports"": ""SUPPORT""}"
4629	4559	192	Lymphatic filariasis	Lymphatic_Filariasis.yaml	infectious_agent	1	evidence	0	PMID:38933431	SUPPORT		The major etiologic agent is a nematode called Wuchereria bancrofti, but Brugia malayi and Brugia timoriare sometimes encountered as causative agents.	The review lists Brugia malayi as a causative agent.	"{""explanation"": ""The review lists Brugia malayi as a causative agent."", ""reference"": ""PMID:38933431"", ""snippet"": ""The major etiologic agent is a nematode called Wuchereria bancrofti, but Brugia malayi and Brugia timoriare sometimes encountered as causative agents."", ""supports"": ""SUPPORT""}"
4630	4560	192	Lymphatic filariasis	Lymphatic_Filariasis.yaml	infectious_agent	2	evidence	0	PMID:38933431	SUPPORT		The major etiologic agent is a nematode called Wuchereria bancrofti, but Brugia malayi and Brugia timoriare sometimes encountered as causative agents.	The review lists Brugia timori as a causative agent.	"{""explanation"": ""The review lists Brugia timori as a causative agent."", ""reference"": ""PMID:38933431"", ""snippet"": ""The major etiologic agent is a nematode called Wuchereria bancrofti, but Brugia malayi and Brugia timoriare sometimes encountered as causative agents."", ""supports"": ""SUPPORT""}"
5169	5064	213	Merkel Cell Carcinoma	Merkel_Cell_Carcinoma.yaml	infectious_agent	0	evidence	0	PMID:41232971	SUPPORT		Two subtypes have been identified: Merkel polyomavirus-related (MCPyV), present in 80% of cases in Europe, and UV-related.	Supports the high prevalence of MCPyV-positive Merkel cell carcinoma.	"{""explanation"": ""Supports the high prevalence of MCPyV-positive Merkel cell carcinoma."", ""reference"": ""PMID:41232971"", ""snippet"": ""Two subtypes have been identified: Merkel polyomavirus-related (MCPyV), present in 80% of cases in Europe, and UV-related."", ""supports"": ""SUPPORT""}"
5254	5146	216	Monkeypox	Monkeypox.yaml	infectious_agent	0	evidence	0	PMID:36555584	SUPPORT		Monkeypox infection is caused by a virus of the genus Orthopoxvirus, a member of the Poxviridae family.	This reference clearly states that monkeypox infection is caused by a virus from the genus Orthopoxvirus, which includes the monkeypox virus.	"{""explanation"": ""This reference clearly states that monkeypox infection is caused by a virus from the genus Orthopoxvirus, which includes the monkeypox virus."", ""reference"": ""PMID:36555584"", ""snippet"": ""Monkeypox infection is caused by a virus of the genus Orthopoxvirus, a member of the Poxviridae family."", ""supports"": ""SUPPORT""}"
5255	5146	216	Monkeypox	Monkeypox.yaml	infectious_agent	0	evidence	1	PMID:38801568	SUPPORT		Monkeypox (Mpox) is a zoonotic disease caused by a virus (monkeypox virus-MPV) belonging to the Poxviridae family.	The reference directly identifies the causative agent of monkeypox as the monkeypox virus.	"{""explanation"": ""The reference directly identifies the causative agent of monkeypox as the monkeypox virus."", ""reference"": ""PMID:38801568"", ""snippet"": ""Monkeypox (Mpox) is a zoonotic disease caused by a virus (monkeypox virus-MPV) belonging to the Poxviridae family."", ""supports"": ""SUPPORT""}"
5256	5146	216	Monkeypox	Monkeypox.yaml	infectious_agent	0	evidence	2	PMID:37507009	SUPPORT		Monkeypox virus (MPXV) is an emerging zoonotic virus that has had on-going public health impacts in endemic regions of Central and West Africa for over a half-century.	This reference explicitly mentions monkeypox virus (MPXV) as the agent of monkeypox.	"{""explanation"": ""This reference explicitly mentions monkeypox virus (MPXV) as the agent of monkeypox."", ""reference"": ""PMID:37507009"", ""snippet"": ""Monkeypox virus (MPXV) is an emerging zoonotic virus that has had on-going public health impacts in endemic regions of Central and West Africa for over a half-century."", ""supports"": ""SUPPORT""}"
5257	5146	216	Monkeypox	Monkeypox.yaml	infectious_agent	0	evidence	3	PMID:18837778	SUPPORT		Although monkeypox virus is less fatal and not as transmissible as variola virus, the causative agent of smallpox, there is concern that monkeypox virus could become a more efficient human pathogen.	This reference also points to 'monkeypox virus' as the causative agent of monkeypox.	"{""explanation"": ""This reference also points to 'monkeypox virus' as the causative agent of monkeypox."", ""reference"": ""PMID:18837778"", ""snippet"": ""Although monkeypox virus is less fatal and not as transmissible as variola virus, the causative agent of smallpox, there is concern that monkeypox virus could become a more efficient human pathogen."", ""supports"": ""SUPPORT""}"
5611	5436	228	Nasopharyngeal Carcinoma	Nasopharyngeal_Carcinoma.yaml	infectious_agent	0	evidence	0	PMID:41016806	SUPPORT		In addition to its involvement in a wide range of malignancies such as lymphomas, nasopharyngeal carcinoma, and gastric cancer, recent evidence has shown its potential association with autoimmune diseases, positioning EBV as an interdisciplinary research model linking virology, oncology, and immunology.	Supports the association of EBV with nasopharyngeal carcinoma.	"{""explanation"": ""Supports the association of EBV with nasopharyngeal carcinoma."", ""reference"": ""PMID:41016806"", ""snippet"": ""In addition to its involvement in a wide range of malignancies such as lymphomas, nasopharyngeal carcinoma, and gastric cancer, recent evidence has shown its potential association with autoimmune diseases, positioning EBV as an interdisciplinary research model linking virology, oncology, and immunology."", ""supports"": ""SUPPORT""}"
5885	5708	239	Onchocerciasis	Onchocerciasis.yaml	infectious_agent	0	evidence	0	PMID:16714198	SUPPORT		Onchocerciasis results from infestation by the nematode Onchocerca volvulus	The abstract identifies O. volvulus as the causative nematode.	"{""explanation"": ""The abstract identifies O. volvulus as the causative nematode."", ""reference"": ""PMID:16714198"", ""snippet"": ""Onchocerciasis results from infestation by the nematode Onchocerca volvulus"", ""supports"": ""SUPPORT""}"
6081	5949	252	Parvovirus B19 Infection	Parvovirus_B19_Infection.yaml	infectious_agent	0	evidence	0	PMID:25283854	SUPPORT		Parvovirus B19 (B19V) is a small non-enveloped single-stranded DNA (ssDNA) virus of the family Parvoviridae, the subfamily Parvovirinae, the genus Erythrovirus and Human parvovirus B19 type species.	The reference confirms that Parvovirus B19 is a single-stranded DNA virus.	"{""explanation"": ""The reference confirms that Parvovirus B19 is a single-stranded DNA virus."", ""reference"": ""PMID:25283854"", ""snippet"": ""Parvovirus B19 (B19V) is a small non-enveloped single-stranded DNA (ssDNA) virus of the family Parvoviridae, the subfamily Parvovirinae, the genus Erythrovirus and Human parvovirus B19 type species."", ""supports"": ""SUPPORT""}"
6082	5949	252	Parvovirus B19 Infection	Parvovirus_B19_Infection.yaml	infectious_agent	0	evidence	1	PMID:15485533	SUPPORT		Parvovirus B19 infections cause a wide range of clinical findings, including erythema infectiosum, 'glove-and-socks' syndrome, arthropathies, red cell aplasia, and intrauterine infections.	The reference supports that Parvovirus B19 causes several clinical conditions.	"{""explanation"": ""The reference supports that Parvovirus B19 causes several clinical conditions."", ""reference"": ""PMID:15485533"", ""snippet"": ""Parvovirus B19 infections cause a wide range of clinical findings, including erythema infectiosum, 'glove-and-socks' syndrome, arthropathies, red cell aplasia, and intrauterine infections."", ""supports"": ""SUPPORT""}"
6083	5949	252	Parvovirus B19 Infection	Parvovirus_B19_Infection.yaml	infectious_agent	0	evidence	2	PMID:33944819	SUPPORT		Parvovirus B19 (PVB19) is a small DNA virus that causes the fifth disease in children; however it can also affect adults.	The reference supports that Parvovirus B19 causes clinical conditions, particularly in children.	"{""explanation"": ""The reference supports that Parvovirus B19 causes clinical conditions, particularly in children."", ""reference"": ""PMID:33944819"", ""snippet"": ""Parvovirus B19 (PVB19) is a small DNA virus that causes the fifth disease in children; however it can also affect adults."", ""supports"": ""SUPPORT""}"
6084	5949	252	Parvovirus B19 Infection	Parvovirus_B19_Infection.yaml	infectious_agent	0	evidence	3	PMID:31850715	SUPPORT		Parvoviruses are small DNA viruses causing erythema infectiosum, which is known as the fifth disease.	The reference supports that Parvovirus B19 is a single-stranded DNA virus causing clinical conditions.	"{""explanation"": ""The reference supports that Parvovirus B19 is a single-stranded DNA virus causing clinical conditions."", ""reference"": ""PMID:31850715"", ""snippet"": ""Parvoviruses are small DNA viruses causing erythema infectiosum, which is known as the fifth disease."", ""supports"": ""SUPPORT""}"
6362	6191	262	Pinta	Pinta.yaml	infectious_agent	0	evidence	0	PMID:24396138	SUPPORT		T. pallidum subsp. pertenue, T. pallidum subsp. endemicum, and T. carateum are the agents of the endemic treponematoses yaws, bejel (or endemic syphilis), and pinta, respectively.	The abstract identifies T. carateum as the agent of pinta.	"{""explanation"": ""The abstract identifies T. carateum as the agent of pinta."", ""reference"": ""PMID:24396138"", ""snippet"": ""T. pallidum subsp. pertenue, T. pallidum subsp. endemicum, and T. carateum are the agents of the endemic treponematoses yaws, bejel (or endemic syphilis), and pinta, respectively."", ""supports"": ""SUPPORT""}"
6371	6199	263	Polycystic echinococcosis	Polycystic_Echinococcosis.yaml	infectious_agent	0	evidence	0	PMID:40705460	SUPPORT		We describe a case of E. vogeli echinococcosis in a woman, diagnosed through PCR, mitochondrial DNA sequencing, and molecular characterization.	Molecular confirmation links human infection to Echinococcus vogeli.	"{""explanation"": ""Molecular confirmation links human infection to Echinococcus vogeli."", ""reference"": ""PMID:40705460"", ""snippet"": ""We describe a case of E. vogeli echinococcosis in a woman, diagnosed through PCR, mitochondrial DNA sequencing, and molecular characterization."", ""supports"": ""SUPPORT""}"
6747	6655	284	Rabies	Rabies.yaml	infectious_agent	0	evidence	0	PMID:12144896	SUPPORT		The causative agents are neurotropic RNA viruses in the family Rhabdoviridae, genus Lyssavirus.	The abstract identifies lyssaviruses as the causative agents.	"{""explanation"": ""The abstract identifies lyssaviruses as the causative agents."", ""reference"": ""PMID:12144896"", ""snippet"": ""The causative agents are neurotropic RNA viruses in the family Rhabdoviridae, genus Lyssavirus."", ""supports"": ""SUPPORT""}"
7072	6897	295	Scabies	Scabies.yaml	infectious_agent	0	evidence	0	PMID:35298417	SUPPORT		Scabies is a contagious parasitic skin disease caused by Sarcoptes scabiei infestation which can be transmitted through direct or indirect contact.	The abstract identifies S. scabiei infestation as the cause of scabies.	"{""explanation"": ""The abstract identifies S. scabiei infestation as the cause of scabies."", ""reference"": ""PMID:35298417"", ""snippet"": ""Scabies is a contagious parasitic skin disease caused by Sarcoptes scabiei infestation which can be transmitted through direct or indirect contact."", ""supports"": ""SUPPORT""}"
7078	6903	296	Schistosomiasis	Schistosomiasis.yaml	infectious_agent	0	evidence	0	PMID:30093684	SUPPORT		caused by parasitic flatworms (blood flukes) of the genus Schistosoma	The review identifies Schistosoma blood flukes as the causative agents.	"{""explanation"": ""The review identifies Schistosoma blood flukes as the causative agents."", ""reference"": ""PMID:30093684"", ""snippet"": ""caused by parasitic flatworms (blood flukes) of the genus Schistosoma"", ""supports"": ""SUPPORT""}"
7359	7068	304	Shigellosis	Shigellosis.yaml	infectious_agent	0	has_subtypes[0].evidence	0	PMID:29493962	SUPPORT		Shigella produces 3 enterotoxins that cause watery or bloody diarrhea and infection-associated symptoms	S. dysenteriae produces Shiga toxins that contribute to the most severe disease manifestations	"{""explanation"": ""S. dysenteriae produces Shiga toxins that contribute to the most severe disease manifestations"", ""reference"": ""PMID:29493962"", ""snippet"": ""Shigella produces 3 enterotoxins that cause watery or bloody diarrhea and infection-associated symptoms"", ""supports"": ""SUPPORT""}"
7360	7068	304	Shigellosis	Shigellosis.yaml	infectious_agent	0	has_subtypes[1].evidence	0	PMID:40915309	SUPPORT		Shigella is a Gram-negative, facultative intracellular, gastric acid-resistant bacterium of the Enterobacteriaceae family, which includes four serogroups: Shigella dysenteriae, Shigella sonnei, Shigella flexneri, and Shigella boydii	S. flexneri is identified as one of the four major Shigella serogroups	"{""explanation"": ""S. flexneri is identified as one of the four major Shigella serogroups"", ""reference"": ""PMID:40915309"", ""snippet"": ""Shigella is a Gram-negative, facultative intracellular, gastric acid-resistant bacterium of the Enterobacteriaceae family, which includes four serogroups: Shigella dysenteriae, Shigella sonnei, Shigella flexneri, and Shigella boydii"", ""supports"": ""SUPPORT""}"
7361	7068	304	Shigellosis	Shigellosis.yaml	infectious_agent	0	has_subtypes[2].evidence	0	PMID:29493962	SUPPORT		Shigellosis is common in developing countries and is transmitted via the fecal-oral route. In high-income countries, reports reveal that, in addition to young children, men who have sex with men are at risk for Shigella outbreaks via sexual contact	Distribution differs between high-income and developing countries, with S. sonnei predominating in developed nations	"{""explanation"": ""Distribution differs between high-income and developing countries, with S. sonnei predominating in developed nations"", ""reference"": ""PMID:29493962"", ""snippet"": ""Shigellosis is common in developing countries and is transmitted via the fecal-oral route. In high-income countries, reports reveal that, in addition to young children, men who have sex with men are at risk for Shigella outbreaks via sexual contact"", ""supports"": ""SUPPORT""}"
7362	7068	304	Shigellosis	Shigellosis.yaml	infectious_agent	0	has_subtypes[3].evidence	0	PMID:40915309	SUPPORT		Shigella is a Gram-negative, facultative intracellular, gastric acid-resistant bacterium of the Enterobacteriaceae family, which includes four serogroups	S. boydii is one of the four recognized serogroups, though least commonly encountered clinically	"{""explanation"": ""S. boydii is one of the four recognized serogroups, though least commonly encountered clinically"", ""reference"": ""PMID:40915309"", ""snippet"": ""Shigella is a Gram-negative, facultative intracellular, gastric acid-resistant bacterium of the Enterobacteriaceae family, which includes four serogroups"", ""supports"": ""SUPPORT""}"
7363	7068	304	Shigellosis	Shigellosis.yaml	infectious_agent	0	evidence	0	PMID:40915309	SUPPORT		Shigella is a Gram-negative, facultative intracellular, gastric acid-resistant bacterium of the Enterobacteriaceae family, which includes four serogroups	Establishes Shigella as the causative agent of shigellosis and describes its key microbiologic features	"{""explanation"": ""Establishes Shigella as the causative agent of shigellosis and describes its key microbiologic features"", ""reference"": ""PMID:40915309"", ""snippet"": ""Shigella is a Gram-negative, facultative intracellular, gastric acid-resistant bacterium of the Enterobacteriaceae family, which includes four serogroups"", ""supports"": ""SUPPORT""}"
7439	7198	311	Soil-transmitted helminthiases	Soil_Transmitted_Helminthiases.yaml	infectious_agent	0	evidence	0	PMID:28882382	SUPPORT		soil-transmitted helminths Ascaris lumbricoides, hookworm (Ancylostoma duodenale and Necator americanus), Trichuris trichiura, and Strongyloides stercoralis	The review lists Ascaris lumbricoides among soil-transmitted helminths.	"{""explanation"": ""The review lists Ascaris lumbricoides among soil-transmitted helminths."", ""reference"": ""PMID:28882382"", ""snippet"": ""soil-transmitted helminths Ascaris lumbricoides, hookworm (Ancylostoma duodenale and Necator americanus), Trichuris trichiura, and Strongyloides stercoralis"", ""supports"": ""SUPPORT""}"
7440	7199	311	Soil-transmitted helminthiases	Soil_Transmitted_Helminthiases.yaml	infectious_agent	1	evidence	0	PMID:28882382	SUPPORT		soil-transmitted helminths Ascaris lumbricoides, hookworm (Ancylostoma duodenale and Necator americanus), Trichuris trichiura, and Strongyloides stercoralis	The review lists Trichuris trichiura among soil-transmitted helminths.	"{""explanation"": ""The review lists Trichuris trichiura among soil-transmitted helminths."", ""reference"": ""PMID:28882382"", ""snippet"": ""soil-transmitted helminths Ascaris lumbricoides, hookworm (Ancylostoma duodenale and Necator americanus), Trichuris trichiura, and Strongyloides stercoralis"", ""supports"": ""SUPPORT""}"
7441	7200	311	Soil-transmitted helminthiases	Soil_Transmitted_Helminthiases.yaml	infectious_agent	2	evidence	0	PMID:28882382	SUPPORT		soil-transmitted helminths Ascaris lumbricoides, hookworm (Ancylostoma duodenale and Necator americanus), Trichuris trichiura, and Strongyloides stercoralis	The review lists Ancylostoma duodenale as a hookworm species.	"{""explanation"": ""The review lists Ancylostoma duodenale as a hookworm species."", ""reference"": ""PMID:28882382"", ""snippet"": ""soil-transmitted helminths Ascaris lumbricoides, hookworm (Ancylostoma duodenale and Necator americanus), Trichuris trichiura, and Strongyloides stercoralis"", ""supports"": ""SUPPORT""}"
7442	7201	311	Soil-transmitted helminthiases	Soil_Transmitted_Helminthiases.yaml	infectious_agent	3	evidence	0	PMID:28882382	SUPPORT		soil-transmitted helminths Ascaris lumbricoides, hookworm (Ancylostoma duodenale and Necator americanus), Trichuris trichiura, and Strongyloides stercoralis	The review lists Necator americanus as a hookworm species.	"{""explanation"": ""The review lists Necator americanus as a hookworm species."", ""reference"": ""PMID:28882382"", ""snippet"": ""soil-transmitted helminths Ascaris lumbricoides, hookworm (Ancylostoma duodenale and Necator americanus), Trichuris trichiura, and Strongyloides stercoralis"", ""supports"": ""SUPPORT""}"
7443	7202	311	Soil-transmitted helminthiases	Soil_Transmitted_Helminthiases.yaml	infectious_agent	4	evidence	0	PMID:28882382	SUPPORT		soil-transmitted helminths Ascaris lumbricoides, hookworm (Ancylostoma duodenale and Necator americanus), Trichuris trichiura, and Strongyloides stercoralis	The review lists Strongyloides stercoralis among soil-transmitted helminths.	"{""explanation"": ""The review lists Strongyloides stercoralis among soil-transmitted helminths."", ""reference"": ""PMID:28882382"", ""snippet"": ""soil-transmitted helminths Ascaris lumbricoides, hookworm (Ancylostoma duodenale and Necator americanus), Trichuris trichiura, and Strongyloides stercoralis"", ""supports"": ""SUPPORT""}"
7678	7414	321	Taeniasis/cysticercosis	Taeniasis_Cysticercosis.yaml	infectious_agent	0	evidence	0	PMID:12932389	SUPPORT		The larval stage of the pork tapeworm (Taenia solium) infects the human nervous system, causing neurocysticercosis.	The abstract identifies Taenia solium as the causative tapeworm.	"{""explanation"": ""The abstract identifies Taenia solium as the causative tapeworm."", ""reference"": ""PMID:12932389"", ""snippet"": ""The larval stage of the pork tapeworm (Taenia solium) infects the human nervous system, causing neurocysticercosis."", ""supports"": ""SUPPORT""}"
7720	7486	326	Trachoma	Trachoma.yaml	infectious_agent	0	evidence	0	PMID:35618795	SUPPORT		Trachoma is a neglected tropical disease caused by infection with conjunctival strains of Chlamydia trachomatis.	The abstract identifies conjunctival C. trachomatis as the cause of trachoma.	"{""explanation"": ""The abstract identifies conjunctival C. trachomatis as the cause of trachoma."", ""reference"": ""PMID:35618795"", ""snippet"": ""Trachoma is a neglected tropical disease caused by infection with conjunctival strains of Chlamydia trachomatis."", ""supports"": ""SUPPORT""}"
7839	7577	331	Tuberculosis	Tuberculosis.yaml	infectious_agent	0	evidence	0	PMID:27784885	SUPPORT		Tuberculosis (TB) is an airborne infectious disease caused by organisms of the Mycobacterium tuberculosis complex. Although primarily a pulmonary pathogen, M. tuberculosis can cause disease in almost any part of the body.	The statement correctly identifies Mycobacterium tuberculosis as a bacterium that primarily affects the lungs but can affect other organs.	"{""explanation"": ""The statement correctly identifies Mycobacterium tuberculosis as a bacterium that primarily affects the lungs but can affect other organs."", ""reference"": ""PMID:27784885"", ""snippet"": ""Tuberculosis (TB) is an airborne infectious disease caused by organisms of the Mycobacterium tuberculosis complex. Although primarily a pulmonary pathogen, M. tuberculosis can cause disease in almost any part of the body."", ""supports"": ""SUPPORT""}"
7840	7577	331	Tuberculosis	Tuberculosis.yaml	infectious_agent	0	evidence	1	PMID:37057936	SUPPORT		Mycobacterium tuberculosis belongs to the group of mycobacteria, most of which can cause a delayed hypersensitivity reaction in the body and is a bacterium that causes tuberculosis.	This reference confirms that Mycobacterium tuberculosis is a bacterium that causes TB and can affect the lungs.	"{""explanation"": ""This reference confirms that Mycobacterium tuberculosis is a bacterium that causes TB and can affect the lungs."", ""reference"": ""PMID:37057936"", ""snippet"": ""Mycobacterium tuberculosis belongs to the group of mycobacteria, most of which can cause a delayed hypersensitivity reaction in the body and is a bacterium that causes tuberculosis."", ""supports"": ""SUPPORT""}"
7841	7577	331	Tuberculosis	Tuberculosis.yaml	infectious_agent	0	evidence	2	PMID:33306806	SUPPORT		Tuberculosis (TB) is an infectious disease caused by Mycobacterium tuberculosis (MTB). It spreads from one person to the another through the air while coughing, spitting, speaking or sneezing. TB most commonly affects lungs but it can affect any organ system.	This reference supports the claim that tuberculosis, caused by Mycobacterium tuberculosis, primarily affects the lungs but can also affect other organ systems.	"{""explanation"": ""This reference supports the claim that tuberculosis, caused by Mycobacterium tuberculosis, primarily affects the lungs but can also affect other organ systems."", ""reference"": ""PMID:33306806"", ""snippet"": ""Tuberculosis (TB) is an infectious disease caused by Mycobacterium tuberculosis (MTB). It spreads from one person to the another through the air while coughing, spitting, speaking or sneezing. TB most commonly affects lungs but it can affect any organ system."", ""supports"": ""SUPPORT""}"
8389	7951	345	Yaws	Yaws.yaml	infectious_agent	0	evidence	0	PMID:40036381	SUPPORT		Yaws, a neglected tropical disease caused by Treponema pallidum subsp. pertenue, primarily affects children in impoverished rural areas.	The abstract identifies T. pallidum subsp. pertenue as the cause of yaws.	"{""explanation"": ""The abstract identifies T. pallidum subsp. pertenue as the cause of yaws."", ""reference"": ""PMID:40036381"", ""snippet"": ""Yaws, a neglected tropical disease caused by Treponema pallidum subsp. pertenue, primarily affects children in impoverished rural areas."", ""supports"": ""SUPPORT""}"
