section_name	count	maxo_label	status	ncit_id	ncit_label	queries_tried	decision_notes
Surgical Resection	27	surgical procedure	MATCH	NCIT:C154430	Definitive Surgical Resection	search:Surgical Resection;info:l~Surgical Resection;search:Resection	Chose explicit surgical-resection concept over generic Resection.
Radiation Therapy	22	radiation therapy	MATCH	NCIT:C15313	Radiation Therapy	search:Radiation Therapy;info:l~Radiation Therapy	Exact label match.
Chemotherapy	21	chemotherapy	MATCH	NCIT:C15632	Chemotherapy	search:Chemotherapy;info:l~Chemotherapy	Exact label match.
Supportive Care	17	supportive care	MATCH	NCIT:C15747	Supportive Care	search:Supportive Care;info:l~Supportive Care	Exact label match.
Genetic Counseling	17	genetic counseling	MATCH	NCIT:C15240	Genetic Counseling	search:Genetic Counseling;info:l~Genetic Counseling;l^Genetic Counsel	Exact label match; user-verified command also confirms.
Physical Therapy	12	physical therapy	MATCH	NCIT:C15302	Physical Therapy	search:Physical Therapy;info:l~Physical Therapy	Exact label match.
Corticosteroids	12	pharmacotherapy	MATCH	NCIT:C211	Therapeutic Corticosteroid	search:Corticosteroids;info:l~Corticosteroids;search:Corticosteroid	Best available class concept is therapeutic corticosteroid.
Immunotherapy	9	pharmacotherapy	MATCH	NCIT:C15262	Immunotherapy	search:Immunotherapy;info:l~Immunotherapy	Exact label match.
Allogeneic Stem Cell Transplantation	8	hematopoietic stem cell transplantation	MATCH	NCIT:C201466	Allogeneic Stem Cell Transplantation	search:Allogeneic Stem Cell Transplantation;info:l~Allogeneic Stem Cell Transplantation	Exact label match (also saw narrower hematopoietic variant).
Immune Checkpoint Inhibitors	8	pharmacotherapy	MATCH	NCIT:C143250	Immune Checkpoint Inhibitor	search:Immune Checkpoint Inhibitors;search:Immune Checkpoint Inhibitor;info:l~Immune Checkpoint Inhibitor	Plural normalized to singular NCIT class.
Supportive care	7	supportive care	MATCH	NCIT:C15747	Supportive Care	search:Supportive care;info:l~Supportive care	Case-variant row mapped to same concept.
Liver Transplantation	6	liver transplantation	MATCH	NCIT:C15271	Liver Transplantation	search:Liver Transplantation;info:l~Liver Transplantation	Exact label match.
Lifestyle Modifications	6	dietary intervention	NEAR_MATCH	NCIT:C15900	Lifestyle Therapy	search:Lifestyle Modifications;search:Lifestyle Modification;search:Lifestyle Intervention;info:l~Lifestyle	No exact plural concept found; Lifestyle Therapy is closest intervention concept.
Surgical Excision	6	surgical procedure	NEAR_MATCH	NCIT:C15232	Excision	search:Surgical Excision;search:Excision;info:l~Excision	No exact surgical-excision label; mapped to generic Excision.
Vaccination	6	vaccination	MATCH	NCIT:C15346	Vaccination	search:Vaccination;info:l~Vaccination	Exact label match.
Orthopedic Management	5	surgical procedure	NEAR_MATCH	NCIT:C16186	Orthopedic Surgical Procedure	search:Orthopedic Management;search:Orthopedic;info:l~Orthopedic	No exact management concept; closest treatment action is orthopedic surgical procedure.
Bisphosphonate Therapy	5	bisphosphonate agent therapy	MATCH	NCIT:C198585	Bisphosphonate Therapy	search:Bisphosphonate Therapy;info:l~Bisphosphonate Therapy	Exact label match.
Bronchodilators	4	pharmacotherapy	MATCH	NCIT:C319	Bronchodilator	search:Bronchodilators;search:Bronchodilator;info:l~Bronchodilator	Plural normalized to singular bronchodilator class.
Multi-Agent Chemotherapy	4	chemotherapy	MATCH	NCIT:C191	Combination Chemotherapy	search:Multi-Agent Chemotherapy;search:Combination Chemotherapy;info:l~Combination Chemotherapy	Mapped synonym multi-agent -> combination chemotherapy.
Speech Therapy	4	speech therapy	NO_MATCH			search:Speech Therapy;search:Speech-Language Therapy;info:l~Speech Therapy;search:Speech	No NCIT treatment concept found; only generic Speech (NCIT:C38025) appears.
Thyroidectomy	4	surgical procedure	MATCH	NCIT:C51648	Thyroidectomy	search:Thyroidectomy	Exact label match.
Antibiotic Therapy	4	pharmacotherapy	MATCH	NCIT:C15620	Antibiotic Therapy	search:Antibiotic Therapy	Exact label match.
Rituximab	4	pharmacotherapy	MATCH	NCIT:C1702	Rituximab	search:Rituximab	Exact label match.
Cranial Vault Surgery	4	surgical procedure	NEAR_MATCH	NCIT:C15214	Craniotomy	search:Cranial Vault Surgery;info:l~Cranial Vault Surgery;search:Cranial Vault;search:Craniofacial Surgery;search:Craniotomy	No exact cranial-vault surgery concept; craniotomy is closest procedural concept.
Symptomatic Management	4	supportive care	MATCH	NCIT:C170740	Symptomatic Therapy	search:Symptomatic Management;search:Symptomatic Treatment;search:Symptom Management;search:Supportive Care	Mapped management/treatment wording to Symptomatic Therapy.
Growth Hormone Therapy	4	hormone modifying therapy	NEAR_MATCH	NCIT:C837	Somatropin	search:Growth Hormone Therapy;search:Growth Hormone;info:l~Somatropin	No explicit therapy concept found; mapped to growth hormone drug concept (somatropin).
Beta Blockers	4	beta adrenergic agent therapy	MATCH	NCIT:C29576	Beta-Adrenergic Antagonist	search:Beta Blockers;search:Beta Blocker;info:l~Beta Adrenergic	Plural normalized to class concept.
Crizotinib	3	pharmacotherapy	MATCH	NCIT:C74061	Crizotinib	search:Crizotinib	Exact label match.
Liver Transplant	3	organ transplantation	MATCH	NCIT:C15271	Liver Transplantation	search:Liver Transplant	Synonym maps to Liver Transplantation.
Cholinesterase Inhibitors	3	pharmacotherapy	MATCH	NCIT:C47792	Acetylcholinesterase Inhibitor	search:Cholinesterase Inhibitors;search:Cholinesterase Inhibitor;search:Acetylcholinesterase Inhibitor	Mapped broad class to closest NCIT inhibitor class.
Midface Advancement	3	surgical procedure	NO_MATCH			search:Midface Advancement;search:Le Fort;search:Maxillary Advancement;search:Midface;search:Orthognathic Surgery	No suitable NCIT procedure concept identified.
Surgical Management	3	surgical procedure	MATCH	NCIT:C16080	Surgical Management	search:Surgical Management	Exact label match.
Topical Therapy	3	pharmacotherapy	NEAR_MATCH	NCIT:C38304	Topical Route of Administration	search:Topical Therapy;search:Topical Treatment;search:Topical	No therapy concept found; closest NCIT representation is route/formulation.
Surgical Interventions	3	surgical procedure	MATCH	NCIT:C15329	Surgical Procedure	search:Surgical Interventions	Plural intervention wording maps to surgical procedure concept.
Surgery	3	surgical procedure	MATCH	NCIT:C17173	Surgery	search:Surgery	Exact Surgery concept selected over related procedural metadata terms.
Educational Support	3	behavioral counseling	NEAR_MATCH	NCIT:C16959	Patient Education	search:Educational Support;search:Patient Education;search:Health Education	No exact support concept; patient education is closest intervention concept.
MEK Inhibitor Therapy	3	pharmacotherapy	MATCH	NCIT:C69145	Mitogen-Activated Protein Kinase Kinase Inhibitor	search:MEK Inhibitor Therapy;search:MEK Inhibitor;info:l~Mitogen-Activated Protein Kinase Kinase Inhibitor	Mapped therapy wording to NCIT MEK inhibitor class.
Pembrolizumab	3	pharmacotherapy	MATCH	NCIT:C106432	Pembrolizumab	search:Pembrolizumab	Exact label match.
Imatinib	3	pharmacotherapy	MATCH	NCIT:C62035	Imatinib	search:Imatinib	Exact label match.
Belzutifan	3	pharmacotherapy	MATCH	NCIT:C135627	Belzutifan	search:Belzutifan	Exact label match.
CAR-T Cell Therapy	3	immunotherapy procedure	MATCH	NCIT:C126102	Chimeric Antigen Receptor T-Cell Therapy	search:CAR-T Cell Therapy;search:CAR T-Cell Therapy;search:Chimeric Antigen Receptor T-Cell Therapy;search:CAR-T	Mapped abbreviation to explicit CAR T-cell therapy concept.
Hydroxyurea	3	pharmacotherapy	MATCH	NCIT:C560	Hydroxyurea	search:Hydroxyurea	Exact label match.
Intensive Chemotherapy (7+3)	3	chemotherapy	NEAR_MATCH	NCIT:C190867	Intensive Chemotherapy	search:Intensive Chemotherapy (7+3);search:7+3;search:Intensive Chemotherapy;search:Induction Chemotherapy	7+3 regimen-specific wording not found; mapped to Intensive Chemotherapy.
Maximal Safe Resection	3	surgical procedure	NEAR_MATCH	NCIT:C131672	Gross Total Resection	search:Maximal Safe Resection;search:Gross Total Resection;search:Tumor Resection	No exact phrase; gross total resection is closest surgical intent.
Temozolomide Chemotherapy	3	chemotherapy	NEAR_MATCH	NCIT:C1244	Temozolomide	search:Temozolomide Chemotherapy;search:Temozolomide	Mapped regimen wording to core drug concept.
Trastuzumab Deruxtecan (T-DXd)	3	pharmacotherapy	MATCH	NCIT:C128799	Trastuzumab Deruxtecan	search:Trastuzumab Deruxtecan (T-DXd);search:Trastuzumab Deruxtecan;search:T-DXd;search:fam-trastuzumab deruxtecan;info:NCIT:C128799,NCIT:C152716	Selected active concept C128799; C152716 is retired.
Intravenous Immunoglobulin (IVIG)	3	pharmacotherapy	MATCH	NCIT:C121331	Intravenous Immunoglobulin Therapy	search:Intravenous Immunoglobulin (IVIG);search:Intravenous Immunoglobulin;search:IVIG;search:Immunoglobulin Therapy	Direct IVIG therapy concept found.
Selpercatinib	3	pharmacotherapy	MATCH	NCIT:C134987	Selpercatinib	search:Selpercatinib	Exact label match.
Pralsetinib	3	pharmacotherapy	MATCH	NCIT:C132295	Pralsetinib	search:Pralsetinib	Exact label match.
Targeted Therapy	3	pharmacotherapy	MATCH	NCIT:C93352	Targeted Therapy	search:Targeted Therapy	Exact label match.
Surveillance Protocol	3	cancer screening	NEAR_MATCH	NCIT:C15719	Surveillance	search:Surveillance Protocol;search:Active Surveillance;search:Surveillance	No protocol-specific concept; mapped to surveillance action.
Eculizumab	3	pharmacotherapy	MATCH	NCIT:C48386	Eculizumab	search:Eculizumab	Exact label match.
Cardiac surgery	2	surgical procedure	MATCH	NCIT:C157806	Cardiac Surgery	search:Cardiac surgery	Case-normalized exact match.
Lorlatinib	2	pharmacotherapy	MATCH	NCIT:C113655	Lorlatinib	search:Lorlatinib	Exact label match.
Antiretroviral Therapy	2	antiretroviral therapy	MATCH	NCIT:C94631	Antiretroviral Therapy	search:Antiretroviral Therapy	Exact label match.
Systemic Therapy	2	pharmacotherapy	MATCH	NCIT:C15698	Systemic Therapy	search:Systemic Therapy	Exact label match.
NMDA Receptor Antagonist	2	pharmacotherapy	NO_MATCH			search:NMDA Receptor Antagonist;search:N-Methyl-D-Aspartate Receptor Antagonist;search:NMDA antagonist;search:N-methyl-D-aspartate;info:l~N-methyl-D-aspartate	Only receptor target term found (NCIT:C118457), not antagonist therapy/class term.
Lung Transplantation	2	transplantation procedure	MATCH	NCIT:C15274	Lung Transplantation	search:Lung Transplantation	Exact label match.
Multidisciplinary Care	2	supportive care	NEAR_MATCH	NCIT:C94845	Multidisciplinary	search:Multidisciplinary Care;search:Multidisciplinary Approach;search:Multidisciplinary	No explicit care concept; mapped to multidisciplinary concept as nearest available.
Cranial Vault Remodeling	2	surgical procedure	NO_MATCH			search:Cranial Vault Remodeling;search:Cranial Remodeling;search:Cranioplasty;info:l~Cranial Vault Remodeling	No NCIT concept identified for cranial-vault remodeling procedure.
Anticoagulation	2	pharmacotherapy	MATCH	NCIT:C63341	Anticoagulation Therapy	search:Anticoagulation;search:Anticoagulation Therapy;search:Anticoagulant Therapy;search:Anticoagulant	Direct therapy concept found; preferred over coagulation-process terms.
Radioiodine Therapy	2	radiation therapy	MATCH	NCIT:C157968	Radioactive Iodine Therapy	search:Radioiodine Therapy;search:Iodine I-131 Therapy;search:Radioactive Iodine Therapy	Mapped to equivalent radioactive iodine therapy concept.
Lenvatinib or Sorafenib	2	pharmacotherapy	NO_MATCH			search:Lenvatinib or Sorafenib;search:Lenvatinib;search:Sorafenib;search:Lenvatinib Sorafenib	Disjunctive treatment phrase; NCIT has component drugs (C95124/C61948) but no single combined concept.
Dabrafenib plus Trametinib	2	pharmacotherapy	NO_MATCH			search:Dabrafenib plus Trametinib;search:Dabrafenib;search:Trametinib;search:Dabrafenib Trametinib	Combination phrase lacks single NCIT concept; component drugs exist (C82386/C77908).
Encorafenib plus Binimetinib	2	pharmacotherapy	NO_MATCH			search:Encorafenib plus Binimetinib;search:Encorafenib;search:Binimetinib;search:Encorafenib Binimetinib	Combination phrase lacks single NCIT concept; component drugs exist (C98283/C84865).
Platinum Chemotherapy	2	chemotherapy	NEAR_MATCH	NCIT:C25620	Platinum-Based	search:Platinum Chemotherapy;search:Platinum-based Chemotherapy;search:Platinum-based;search:Platinum;search:Platinum Agent;info:l~Platinum-based	No explicit platinum-chemotherapy action concept; closest is platinum-based qualifier.
Supportive Therapy	2	physical therapy	MATCH	NCIT:C21109	Supportive Therapy	search:Supportive Therapy	Exact label match; distinct from Supportive Care concept.
Gene Therapy	2	gene therapy	MATCH	NCIT:C15238	Gene Therapy	search:Gene Therapy	Exact label match.
Vismodegib	2	pharmacotherapy	MATCH	NCIT:C74038	Vismodegib	search:Vismodegib	Exact label match.
Sonidegib	2	pharmacotherapy	MATCH	NCIT:C82385	Sonidegib	search:Sonidegib	Exact label match.
Airway Clearance Techniques	2	physical therapy	NO_MATCH			search:Airway Clearance Techniques;search:Airway Clearance;search:Airway Clearance Therapy;search:Chest Physiotherapy	No direct NCIT concept identified for airway-clearance techniques.
Inhaled Corticosteroids	2	respiratory tract agent therapy	NEAR_MATCH	NCIT:C2322	Corticosteroid	search:Inhaled Corticosteroids;search:Inhaled Corticosteroid;search:Corticosteroid	No inhaled-specific class concept found; mapped to broader corticosteroid class.
Surgical management	2	surgical procedure	MATCH	NCIT:C16080	Surgical Management	search:Surgical management;info:l~Surgical management	Case-variant exact match.
Cardiac Surgery	2	surgical procedure	MATCH	NCIT:C157806	Cardiac Surgery	search:Cardiac Surgery	Exact label match.
Hearing Aids	2	supportive care	MATCH	NCIT:C183182	Hearing Aid	search:Hearing Aids;info:l~Hearing Aids;search:Hearing Aid;search:Hearing Device	Plural normalized to singular hearing-aid device concept.
Orthotic Interventions	2	occupational therapy	NEAR_MATCH	NCIT:C86054	Brace	search:Orthotic Interventions;search:Orthotic;search:Orthosis;search:Orthopedic Device	No direct orthotic-intervention concept; brace is closest device proxy.
Nutritional Support	2	dietary intervention	MATCH	NCIT:C15433	Nutritional Support	search:Nutritional Support	Exact label match.
HPV Vaccination	2	vaccination	NEAR_MATCH	NCIT:C1951	Human Papilloma Virus Vaccine	search:HPV Vaccination;search:Human Papillomavirus Vaccination;search:HPV Vaccine	Action phrase maps to vaccine product concept.
Ibrutinib	2	pharmacotherapy	MATCH	NCIT:C81934	Ibrutinib	search:Ibrutinib	Exact label match.
Acalabrutinib	2	pharmacotherapy	MATCH	NCIT:C113442	Acalabrutinib	search:Acalabrutinib	Exact label match.
Dasatinib	2	pharmacotherapy	MATCH	NCIT:C38713	Dasatinib	search:Dasatinib	Exact label match.
Nilotinib	2	pharmacotherapy	MATCH	NCIT:C48375	Nilotinib	search:Nilotinib	Exact label match.
Ponatinib	2	pharmacotherapy	MATCH	NCIT:C95777	Ponatinib	search:Ponatinib	Exact label match.
Oxygen Therapy	2	artificial respiration	MATCH	NCIT:C94624	Oxygen Therapy	search:Oxygen Therapy	Selected direct oxygen-therapy concept over unrelated Warburg Therapy hit.
MRD-Guided Therapy	2	genetic testing	NO_MATCH			search:MRD-Guided Therapy;search:MRD-guided therapy;search:minimal residual disease guided;search:minimal residual disease	No NCIT treatment concept found for MRD-guided strategy wording.
Biologics	2	pharmacotherapy	MATCH	NCIT:C307	Biological Agent	search:Biologics	Plural treatment category mapped to biological-agent class.
Alpelisib	2	pharmacotherapy	MATCH	NCIT:C94214	Alpelisib	search:Alpelisib	Exact label match.
Low-Dose Aspirin	2	pharmacotherapy	MATCH	NCIT:C94758	Low-Dose Aspirin	search:Low-Dose Aspirin	Exact label match.
Anagrelide	2	pharmacotherapy	MATCH	NCIT:C28825	Anagrelide	search:Anagrelide	Exact label match.
Interferon-alpha	2	pharmacotherapy	NEAR_MATCH	NCIT:C225	Recombinant Interferon Alfa	search:Interferon-alpha;info:l~Interferon-alpha;search:Interferon alpha;search:Interferon Alfa;search:Interferon	No exact punctuation variant; mapped to interferon alfa therapeutic concept.
Neoadjuvant Chemotherapy	2	chemotherapy	MATCH	NCIT:C213450	Neoadjuvant Chemotherapy	search:Neoadjuvant Chemotherapy	Exact label match.
Gemcitabine plus Cisplatin	2	chemotherapy	NO_MATCH			search:Gemcitabine plus Cisplatin;search:Gemcitabine Cisplatin;search:Gemcitabine;search:Cisplatin	No single combination concept found; component drugs exist (C66876/C376).
Gemcitabine plus Cisplatin plus Durvalumab	2	pharmacotherapy	NO_MATCH			search:Gemcitabine plus Cisplatin plus Durvalumab;search:Gemcitabine Cisplatin Durvalumab;search:Durvalumab;search:Gemcitabine;search:Cisplatin	No single triple-combination concept found; only component drugs present.
Platinum-Based Chemotherapy	2	chemotherapy	NEAR_MATCH	NCIT:C25620	Platinum-Based	search:Platinum-Based Chemotherapy;info:l~Platinum-based;search:Platinum-based;search:Platinum	No direct chemotherapy action concept; mapped to platinum-based qualifier.
Chemoprevention	2	pharmacotherapy	MATCH	NCIT:C15604	Chemoprevention	search:Chemoprevention	Exact label match.
Speech and Language Therapy	2	supportive care	NO_MATCH			search:Speech and Language Therapy;search:Speech Therapy;search:Speech Language;info:l~Speech and Language Therapy	No NCIT therapy concept found for speech-language therapy.
Trastuzumab	2	pharmacotherapy	MATCH	NCIT:C1647	Trastuzumab	search:Trastuzumab	Exact label match.
Immune Checkpoint Inhibition	2	pharmacotherapy	NEAR_MATCH	NCIT:C143250	Immune Checkpoint Inhibitor	search:Immune Checkpoint Inhibition;search:Immune Checkpoint Inhibitor;search:Checkpoint Blockade;info:l~Immune Checkpoint Inhibition	Mapped process wording to inhibitor treatment class.
Sunitinib	2	pharmacotherapy	MATCH	NCIT:C71622	Sunitinib	search:Sunitinib	Exact label match.
Definitive Chemoradiation	2	radiation therapy	NEAR_MATCH	NCIT:C94626	Chemoradiotherapy	search:Definitive Chemoradiation;search:Chemoradiation;search:Chemoradiotherapy	No definitive qualifier concept; mapped to core chemoradiotherapy action.
Risk-Reducing Mastectomy	2	surgical procedure	MATCH	NCIT:C94445	Prophylactic Mastectomy	search:Risk-Reducing Mastectomy;search:Prophylactic Mastectomy;search:Mastectomy	Mapped synonymous risk-reducing phrasing to prophylactic mastectomy.
PARP Inhibitors	2	pharmacotherapy	MATCH	NCIT:C62554	Poly (ADP-Ribose) Polymerase Inhibitor	search:PARP Inhibitors;search:PARP Inhibitor;search:Poly(ADP-ribose) Polymerase Inhibitor	Plural normalized to PARP inhibitor class.
Orthopedic management	2	physical therapy	NEAR_MATCH	NCIT:C16186	Orthopedic Surgical Procedure	search:Orthopedic management;search:Orthopedic Management;search:Orthopedic Surgical Procedure;info:l~Orthopedic management	No exact management concept; closest procedural concept selected.
Antipsychotic Medications	2	pharmacotherapy	MATCH	NCIT:C29710	Antipsychotic Agent	search:Antipsychotic Medications;search:Antipsychotic;search:Antipsychotic Agent	Plural medication phrase mapped to antipsychotic agent class.
Occupational Therapy	2	physical therapy	MATCH	NCIT:C121351	Occupational Therapy	search:Occupational Therapy	Exact label match.
Antihypertensive Therapy	2	cardiovascular agent therapy	MATCH	NCIT:C172184	Antihypertensive Therapy	search:Antihypertensive Therapy	Exact label match.
Growth hormone therapy	2	pharmacotherapy	NEAR_MATCH	NCIT:C837	Somatropin	search:Growth hormone therapy;search:Growth Hormone Therapy;search:Growth Hormone;search:Somatropin	No explicit therapy concept; mapped to growth-hormone drug concept.
Ivosidenib	2	pharmacotherapy	MATCH	NCIT:C114383	Ivosidenib	search:Ivosidenib	Exact label match.
Venetoclax plus Azacitidine	2	pharmacotherapy	NO_MATCH			search:Venetoclax plus Azacitidine;search:Venetoclax;search:Azacitidine;search:Venetoclax Azacitidine	No single combination concept found; component drug concepts exist (C103147/C288).
Aspirin	2	cardiovascular agent therapy	MATCH	NCIT:C287	Aspirin	search:Aspirin	Exact label match.
Cleft Palate Repair	2	surgical procedure	NEAR_MATCH	NCIT:C168380	Palatorrhaphy	search:Cleft Palate Repair	Mapped to specific cleft-palate repair procedure (palatorrhaphy).
Dietary modification	2	dietary intervention	MATCH	NCIT:C15447	Dietary Intervention	search:Dietary modification;search:Dietary Modification;search:Dietary Intervention;search:Diet Modification	Equivalent intervention concept found.
Dostarlimab	2	pharmacotherapy	MATCH	NCIT:C126799	Dostarlimab	search:Dostarlimab	Exact label match.
Medical Formula	2	dietary intervention	NO_MATCH			search:Medical Formula;search:Medical Food;search:Formula;info:l~Medical Formula	No suitable NCIT treatment concept; only generic formula term returned.
Metformin	2	pharmacotherapy	MATCH	NCIT:C61612	Metformin	search:Metformin	Exact label match.
Craniospinal Irradiation	2	radiation therapy	MATCH	NCIT:C116437	Craniospinal Irradiation	search:Craniospinal Irradiation	Exact label match.
Azathioprine	2	immune suppressant agent therapy	MATCH	NCIT:C290	Azathioprine	search:Azathioprine	Exact label match.
MEK Inhibitors	2	pharmacotherapy	MATCH	NCIT:C69145	Mitogen-Activated Protein Kinase Kinase Inhibitor	search:MEK Inhibitors;search:MEK Inhibitor;info:l~Mitogen-Activated Protein Kinase Kinase Inhibitor	Plural normalized to MEK inhibitor class concept.
Entrectinib	2	pharmacotherapy	MATCH	NCIT:C114984	Entrectinib	search:Entrectinib	Exact label match.
Repotrectinib	2	pharmacotherapy	MATCH	NCIT:C133821	Repotrectinib	search:Repotrectinib	Exact label match.
Inebilizumab	2	pharmacotherapy	MATCH	NCIT:C88283	Inebilizumab	search:Inebilizumab	Exact label match.
Satralizumab	2	pharmacotherapy	MATCH	NCIT:C152307	Satralizumab	search:Satralizumab	Exact label match.
Lifestyle Modification	2	dietary intervention	NEAR_MATCH	NCIT:C15900	Lifestyle Therapy	search:Lifestyle Modification;search:Lifestyle Therapy;info:l~Lifestyle Modification	Mapped modification phrasing to closest intervention concept.
GLP-1 Receptor Agonists	2	pharmacotherapy	NEAR_MATCH	NCIT:C98085	GLP-1 Mimetics	search:GLP-1 Receptor Agonists;search:GLP-1 Receptor Agonist;search:Glucagon-Like Peptide 1 Receptor Agonist	Mapped class wording to GLP-1 mimetics concept.
GLP-1/GIP Dual Agonists	2	pharmacotherapy	NO_MATCH			search:GLP-1/GIP Dual Agonists;search:GLP-1 GIP dual agonist;search:Glucagon-like peptide-1 receptor and gastric inhibitory polypeptide receptor agonist;search:tirzepatide	No single NCIT class concept identified for dual GLP-1/GIP agonists in this release.
Ruxolitinib	2	pharmacotherapy	MATCH	NCIT:C77888	Ruxolitinib	search:Ruxolitinib	Exact label match.
Immunosuppressive Therapy	2	pharmacotherapy	MATCH	NCIT:C15261	Immunosuppressive Therapy	search:Immunosuppressive Therapy	Exact label match.
Enucleation	2	surgical procedure	MATCH	NCIT:C48601	Enucleation	search:Enucleation	Exact label match.
Corticosteroid Therapy	2	corticosteroid agent therapy	NEAR_MATCH	NCIT:C122080	Systemic Corticosteroid Therapy	search:Corticosteroid Therapy;info:l~Corticosteroid Therapy;search:Systemic Corticosteroid Therapy	No generic corticosteroid-therapy class returned; mapped to systemic corticosteroid therapy.
Antibiotic therapy	2	pharmacotherapy	MATCH	NCIT:C15620	Antibiotic Therapy	propagated_case_variant_from:Antibiotic Therapy	Case/format variant of an already manually curated label.
Oral rehydration therapy	2	supportive care	NO_MATCH			search:Oral rehydration therapy;search:Oral Rehydration Therapy;search:Oral Rehydration Solution;info:l~Oral rehydration therapy	No NCIT treatment concept found for oral rehydration therapy wording.
Benzodiazepines	2	pharmacotherapy	MATCH	NCIT:C1012	Benzodiazepine	search:Benzodiazepines;search:Benzodiazepine;info:l~Benzodiazepines	Plural normalized to singular class concept.
Insulin Therapy	2	pharmacotherapy	NEAR_MATCH	NCIT:C581	Therapeutic Insulin	search:Insulin Therapy;search:Insulin;info:l~Insulin Therapy	Mapped therapy wording to therapeutic-insulin class.
Calcium and vitamin D supplementation	1	dietary intervention	NEAR_MATCH	NCIT:C210732	Vitamin Supplement	search:Calcium and vitamin D supplementation;search:Calcium supplementation;search:Vitamin Supplement;search:Calcium and vitamin D;info:l~Calcium and vitamin D supplementation	No combined calcium+vitamin D supplementation concept; mapped to vitamin supplement class.
Thymus transplantation	1	organ transplantation	NO_MATCH			search:Thymus transplantation;search:Thymus Transplantation;search:Thymus transplant;search:Thymic transplantation;info:l~Thymus transplantation	No NCIT transplantation concept identified for thymus transplantation.
Speech therapy	1	speech therapy	NO_MATCH			propagated_case_variant_from:Speech Therapy	Case/format variant of an already manually curated label.
Alectinib	1	pharmacotherapy	MATCH	NCIT:C101790	Alectinib	search:Alectinib	Exact label match.
Brigatinib	1	pharmacotherapy	MATCH	NCIT:C98831	Brigatinib	search:Brigatinib	Exact label match.
All-Trans Retinoic Acid (ATRA)	1	pharmacotherapy	MATCH	NCIT:C900	Tretinoin	search:All-Trans Retinoic Acid (ATRA);search:All-Trans Retinoic Acid;search:ATRA;search:Tretinoin;info:l~All-Trans Retinoic Acid (ATRA)	ATRA maps to tretinoin concept.
Arsenic Trioxide (ATO)	1	pharmacotherapy	MATCH	NCIT:C1005	Arsenic Trioxide	search:Arsenic Trioxide (ATO);search:Arsenic Trioxide;search:ATO;info:l~Arsenic Trioxide (ATO)	Exact compound concept found.
ATRA plus Arsenic Trioxide Combination	1	pharmacotherapy	NO_MATCH			search:ATRA plus Arsenic Trioxide Combination;search:ATRA arsenic trioxide;search:tretinoin arsenic trioxide;info:l~ATRA plus Arsenic Trioxide Combination	No single combination concept found; component drugs map (C900/C1005).
Chemotherapy-Based Regimens	1	chemotherapy	NEAR_MATCH	NCIT:C15632	Chemotherapy	search:Chemotherapy-Based Regimens;search:Chemotherapy regimen;search:Chemotherapy;info:l~Chemotherapy-Based Regimens	Mapped generic regimen wording to core chemotherapy concept.
Supportive Care for Coagulopathy	1	supportive care	NEAR_MATCH	NCIT:C15747	Supportive Care	search:Supportive Care for Coagulopathy;info:l~Supportive Care for Coagulopathy;search:Supportive Care;search:Coagulopathy	Condition-qualified phrase mapped to supportive care action concept.
Tafamidis	1	pharmacotherapy	MATCH	NCIT:C84193	Tafamidis	search:Tafamidis	Exact label match.
Patisiran	1	pharmacotherapy	MATCH	NCIT:C116792	Patisiran	search:Patisiran	Exact label match.
Inotersen	1	pharmacotherapy	MATCH	NCIT:C121667	Inotersen	search:Inotersen	Exact label match.
Heart Transplant	1	organ transplantation	MATCH	NCIT:C15246	Heart Transplantation	search:Heart Transplant	Synonym maps to heart transplantation.
Vosoritide (Voxzogo)	1	pharmacotherapy	MATCH	NCIT:C152918	Vosoritide	search:Vosoritide (Voxzogo);search:Vosoritide;search:Voxzogo;info:l~Vosoritide (Voxzogo)	Brand/generic pair resolved to vosoritide concept.
Surgical limb lengthening	1	surgical procedure	NO_MATCH			search:Surgical limb lengthening;search:Limb Lengthening;search:Limb Lengthening Procedure;search:Surgical Lengthening;info:l~Surgical limb lengthening	No NCIT concept identified for limb-lengthening surgery phrasing.
Foramen magnum decompression	1	surgical procedure	NEAR_MATCH	NCIT:C21061	Laminectomy	search:Foramen magnum decompression;search:Foramen Magnum Decompression;search:Posterior Fossa Decompression;search:Decompression Surgery;info:l~Foramen magnum decompression	No exact concept found; closest decompressive surgical concept returned was laminectomy.
Management of spinal stenosis	1	surgical procedure	NEAR_MATCH	NCIT:C21061	Laminectomy	search:Management of spinal stenosis;search:Spinal Stenosis Management;search:Spinal Decompression;search:Spinal Stenosis;info:l~Management of spinal stenosis	Management phrase mapped to common decompressive procedure concept.
Sunglasses	1	supportive care	MATCH	NCIT:C211881	Sunglasses	search:Sunglasses	Exact label match.
Topical retinoids	1	retinoid agent therapy	NEAR_MATCH	NCIT:C68299	Retinoid	search:Topical retinoids;search:Topical Retinoid;search:Retinoid;search:Topical Tretinoin;info:l~Topical retinoids	Topical qualifier not directly represented; mapped to retinoid class.
Trifarotene	1	retinoid agent therapy	MATCH	NCIT:C118577	Trifarotene	search:Trifarotene	Exact label match.
Benzoyl peroxide	1	antimicrobial agent therapy	MATCH	NCIT:C47411	Benzoyl Peroxide	search:Benzoyl peroxide;info:l~Benzoyl peroxide;search:Benzoyl Peroxide	Exact compound concept found.
Topical antibiotics	1	antibacterial agent therapy	NEAR_MATCH	NCIT:C15620	Antibiotic Therapy	search:Topical antibiotics;search:Topical Antibiotic;search:Antibiotic Therapy;info:l~Topical antibiotics	No topical-specific antibiotic therapy concept; mapped to antibiotic therapy.
Clindamycin/adapalene/benzoyl peroxide gel	1	pharmacotherapy	NO_MATCH			search:Clindamycin/adapalene/benzoyl peroxide gel;search:Clindamycin adapalene benzoyl peroxide;search:Clindamycin;search:Adapalene;search:Benzoyl Peroxide;info:l~Clindamycin/adapalene/benzoyl peroxide gel	No single triple-combination gel concept; components exist individually.
Oral antibiotics	1	antibacterial agent therapy	NEAR_MATCH	NCIT:C15620	Antibiotic Therapy	search:Oral antibiotics;search:Oral Antibiotic;search:Antibiotic Therapy;info:l~Oral antibiotics	No oral-route specific class found; mapped to antibiotic therapy.
Oral isotretinoin	1	retinoid agent therapy	NEAR_MATCH	NCIT:C603	Isotretinoin	search:Oral isotretinoin;search:Isotretinoin	Route-specific phrasing mapped to isotretinoin compound.
Hormonal therapy	1	hormone modifying therapy	MATCH	NCIT:C15445	Hormone Therapy	search:Hormonal therapy;search:Hormonal Therapy;search:Hormone Therapy	Case/wording normalized to hormone therapy concept.
Chemical peels	1	therapeutic procedure of skin of body	MATCH	NCIT:C93203	Chemical Peel	search:Chemical peels;search:Chemical Peel;search:Skin Peel	Plural normalized to singular chemical peel concept.
Azelaic acid peel	1	therapeutic procedure of skin of body	NEAR_MATCH	NCIT:C47407	Azelaic Acid	search:Azelaic acid peel;search:Azelaic Acid;search:Chemical Peel	Mapped peel phrase to active compound concept; peel-specific concept not found.
Chemical peels for acne scarring	1	therapeutic procedure of skin of body	NEAR_MATCH	NCIT:C93203	Chemical Peel	search:Chemical peels for acne scarring;search:Chemical Peel;search:Acne Scarring;info:l~Chemical peels for acne scarring	No acne-scarring-specific peel concept; mapped to chemical peel procedure.
Ablative fractional CO2 laser	1	laser surgical procedure	NEAR_MATCH	NCIT:C15466	Laser Therapy	search:Ablative fractional CO2 laser;search:Fractional CO2 Laser;search:CO2 Laser;search:Laser Therapy;info:l~Ablative fractional CO2 laser	Mapped specific laser modality wording to broader laser therapy concept.
Post-laser antioxidant serum	1	pharmacotherapy	NEAR_MATCH	NCIT:C275	Antioxidant	search:Post-laser antioxidant serum;search:Antioxidant;search:Topical Antioxidant;info:l~Post-laser antioxidant serum	No serum-treatment concept found; mapped to antioxidant class.
Blue light therapy	1	radiation therapy	NEAR_MATCH	NCIT:C21062	Actinotherapy	search:Blue light therapy;search:Blue Light Therapy;search:Light Therapy;info:l~Blue light therapy	Mapped light therapy phrasing to NCIT actinotherapy concept.
Visible light therapy	1	radiation therapy	NEAR_MATCH	NCIT:C21062	Actinotherapy	search:Visible light therapy;search:Visible Light Therapy;search:Light Therapy;info:l~Visible light therapy	Mapped visible-light therapy to actinotherapy concept.
Photodynamic therapy	1	radiation therapy	MATCH	NCIT:C15300	Photodynamic Therapy	search:Photodynamic therapy;search:Photodynamic Therapy;info:l~Photodynamic therapy	Exact label match.
Nd:YAG laser and intralesional PRP	1	therapeutic procedure of skin of body	NO_MATCH			search:Nd:YAG laser and intralesional PRP;search:Nd:YAG laser;search:PRP;search:Platelet-Rich Plasma;info:l~Nd:YAG laser and intralesional PRP	No single combined concept for laser+intralesional PRP; only component concepts returned.
1726 nm laser therapy	1	laser surgical procedure	NEAR_MATCH	NCIT:C15466	Laser Therapy	search:1726 nm laser therapy;search:Laser Therapy;search:1726 nm laser;info:l~1726 nm laser therapy	Wavelength-specific concept absent; mapped to laser therapy.
Prophylaxis for Opportunistic Infections	1	preventative therapy	NO_MATCH			search:Prophylaxis for Opportunistic Infections;search:Opportunistic Infection Prophylaxis;search:Opportunistic Infection;search:Infection Prophylaxis;info:l~Prophylaxis for Opportunistic Infections	No prophylaxis treatment concept found specific to opportunistic infections.
Treatment of Opportunistic Infections	1	pharmacotherapy	NO_MATCH			search:Treatment of Opportunistic Infections;search:Opportunistic Infection Treatment;search:Opportunistic Infection;info:l~Treatment of Opportunistic Infections	No direct treatment-action concept found; disease concept only.
Glucocorticoid Replacement	1	hormone modifying therapy	NEAR_MATCH	NCIT:C521	Therapeutic Glucocorticoid	search:Glucocorticoid Replacement;search:Glucocorticoid Therapy;search:Glucocorticoid;info:l~Glucocorticoid Replacement	Replacement phrasing mapped to therapeutic glucocorticoid class.
Mineralocorticoid Replacement	1	hormone modifying therapy	NEAR_MATCH	NCIT:C2324	Mineralocorticoid	search:Mineralocorticoid Replacement;search:Mineralocorticoid;info:l~Mineralocorticoid Replacement	No replacement-therapy concept; mapped to mineralocorticoid class.
Salt Supplementation	1	nutritional supplementation	NEAR_MATCH	NCIT:C29974	Sodium Chloride	search:Salt Supplementation;search:Sodium Supplement;search:Sodium Chloride	Mapped supplementation phrasing to sodium chloride concept.
Emergency Medical ID	1	supportive care	NO_MATCH			search:Emergency Medical ID;search:Medical ID;search:Medical Alert	No clear NCIT intervention/device concept for emergency medical ID found.
Stress Dose Adjustments	1	pharmacotherapy	NEAR_MATCH	NCIT:C82495	Dose Adjustment	search:Stress Dose Adjustments;search:Stress Dose;search:Dose Adjustment	Mapped phrase to generic dose adjustment action concept.
Mogamulizumab	1	pharmacotherapy	MATCH	NCIT:C62510	Mogamulizumab	search:Mogamulizumab	Exact label match.
Interferon-alpha and Zidovudine	1	pharmacotherapy	NO_MATCH			search:Interferon-alpha and Zidovudine;search:Interferon alpha zidovudine;search:Zidovudine;search:Interferon Alfa	No single combination concept; component drugs present (C225/C947).
Locoregional Therapy	1	pharmacotherapy	NEAR_MATCH	NCIT:C15687	Local Therapy	search:Locoregional Therapy;search:Local Therapy	Mapped locoregional phrasing to local therapy concept.
Aflatoxin Exposure Prevention	1	vaccination	NO_MATCH			search:Aflatoxin Exposure Prevention;search:Aflatoxin Prevention;search:Aflatoxin Exposure;search:Aflatoxin	No prevention-action concept identified; only aflatoxin substance concept returned.
Surgical excision of constriction band with disarticulation	1	surgical procedure	NEAR_MATCH	NCIT:C175012	Surgical Disarticulation	search:Surgical excision of constriction band with disarticulation;search:Constriction Band Excision;search:Disarticulation;search:Surgical Excision	Mapped complex procedure phrase to closest disarticulation surgical concept.
Treat underlying condition	1	medical action	NO_MATCH			search:Treat underlying condition;search:Underlying condition treatment;search:Medical Management;info:l~Treat underlying condition	Too generic/non-ontological action phrase; no specific NCIT treatment concept.
Carbamazepine for seizure-related akinetopsia	1	pharmacotherapy	NEAR_MATCH	NCIT:C341	Carbamazepine	search:Carbamazepine for seizure-related akinetopsia;search:Carbamazepine;search:Akinetopsia;info:l~Carbamazepine for seizure-related akinetopsia	Condition-qualified phrase mapped to carbamazepine drug concept.
Cognitive Therapy	1	behavioral counseling	NO_MATCH			search:Cognitive Therapy;search:Cognitive Behavioral Therapy;info:l~Cognitive Therapy	No NCIT treatment concept found for generic cognitive therapy label.
Alpha-1 Antitrypsin Augmentation Therapy	1	pharmacotherapy	NEAR_MATCH	NCIT:C82258	Alpha-1-Proteinase Inhibitor Human	search:Alpha-1 Antitrypsin Augmentation Therapy;search:Alpha-1 Antitrypsin;info:l~Alpha-1 Antitrypsin Augmentation Therapy	Mapped augmentation therapy to alpha-1-proteinase inhibitor therapeutic product.
Cognitive Stimulation and Rehabilitation	1	supportive care	NO_MATCH			search:Cognitive Stimulation and Rehabilitation;search:Cognitive Rehabilitation;search:Cognitive Stimulation;info:l~Cognitive Stimulation and Rehabilitation	No suitable NCIT intervention concept found.
Riluzole	1	pharmacotherapy	MATCH	NCIT:C47704	Riluzole	search:Riluzole	Exact label match.
Edaravone	1	pharmacotherapy	MATCH	NCIT:C74323	Edaravone	search:Edaravone	Exact label match.
Tofersen	1	pharmacotherapy	MATCH	NCIT:C166584	Tofersen	search:Tofersen	Exact label match.
Non-invasive Ventilation	1	noninvasive ventilation	NEAR_MATCH	NCIT:C217065	Ventilation Assistance	search:Non-invasive Ventilation;search:Noninvasive Ventilation;search:Ventilation;info:l~Non-invasive Ventilation	Mapped to closest ventilation-assistance concept.
Percutaneous Endoscopic Gastrostomy	1	supportive care	MATCH	NCIT:C106040	Percutaneous Endoscopic Gastrostomy	search:Percutaneous Endoscopic Gastrostomy	Exact label match.
Syndactyly Release	1	surgical procedure	NO_MATCH			search:Syndactyly Release;search:Syndactyly Surgery;search:Syndactyly;info:l~Syndactyly Release	Only phenotype concept found; no specific release procedure concept returned.
Estrogen Replacement Therapy	1	hormone modifying therapy	MATCH	NCIT:C15231	Estrogen Replacement Therapy	search:Estrogen Replacement Therapy	Exact label match.
Antiandrogen Therapy	1	pharmacotherapy	MATCH	NCIT:C15481	Antiandrogen Therapy	search:Antiandrogen Therapy	Exact label match.
Systemic Cancer Treatment	1	chemotherapy	NEAR_MATCH	NCIT:C15698	Systemic Therapy	search:Systemic Cancer Treatment;search:Systemic Cancer Therapy;search:Systemic Therapy;info:l~Systemic Cancer Treatment	Mapped cancer-qualified phrasing to systemic therapy concept.
Inhaled Corticosteroid	1	respiratory tract agent therapy	NEAR_MATCH	NCIT:C2322	Corticosteroid	search:Inhaled Corticosteroid;search:Corticosteroid;info:l~Inhaled Corticosteroid	No inhaled-specific class found; mapped to corticosteroid class.
Long-acting Beta Agonist	1	respiratory tract agent therapy	NEAR_MATCH	NCIT:C48149	Beta-Adrenergic Agonist	search:Long-acting Beta Agonist;search:Beta Agonist;search:Beta-Adrenergic Agonist;search:Adrenergic Agonist	Duration qualifier absent; mapped to beta-adrenergic agonist class.
Leukotriene Modifier	1	respiratory tract agent therapy	NEAR_MATCH	NCIT:C608	Leukotriene	search:Leukotriene Modifier;search:Leukotriene	No modifier therapy class found; mapped to leukotriene concept as nearest proxy.
Anti-IgE Therapy	1	respiratory tract agent therapy	NEAR_MATCH	NCIT:C29299	Omalizumab	search:Anti-IgE Therapy;search:Anti-IgE;search:Omalizumab	Mapped anti-IgE therapy phrasing to canonical anti-IgE agent omalizumab.
Short-acting Beta Agonist	1	respiratory tract agent therapy	NEAR_MATCH	NCIT:C48149	Beta-Adrenergic Agonist	search:Short-acting Beta Agonist;search:Beta Agonist;search:Beta-Adrenergic Agonist	Duration qualifier absent in NCIT class; mapped to beta-adrenergic agonist.
Rate Control	1	pharmacotherapy	NO_MATCH			search:Rate Control;search:Heart Rate Control;search:Rate-Control Strategy	No clear NCIT treatment concept found for rate-control strategy wording.
Rhythm Control	1	pharmacotherapy	NO_MATCH			search:Rhythm Control;search:Rhythm-Control Strategy;search:Cardiac Rhythm Control;info:l~Rhythm Control	No clear NCIT treatment concept found for rhythm-control strategy phrasing.
Catheter Ablation	1	radiofrequency ablation therapy	NEAR_MATCH	NCIT:C20985	Ablation Therapy	search:Catheter Ablation;search:Ablation Therapy	Catheter qualifier not represented; mapped to ablation therapy concept.
Antifungal Therapy	1	pharmacotherapy	MATCH	NCIT:C15704	Antifungal Therapy	search:Antifungal Therapy	Exact label match.
Low Carbohydrate Diet	1	dietary intervention	NEAR_MATCH	NCIT:C15447	Dietary Intervention	search:Low Carbohydrate Diet;search:Low-Carbohydrate Diet;search:Dietary Intervention;info:l~Low Carbohydrate Diet	No specific low-carb diet concept; mapped to dietary intervention.
Fecal Microbiota Transplantation	1	fecal microbiota transplantation	MATCH	NCIT:C118643	Fecal Microbiota Transplantation	search:Fecal Microbiota Transplantation;info:l~Fecal microbiota transplantation	Exact label match.
Glaucoma Pharmacotherapy	1	pharmacotherapy	NO_MATCH			search:Glaucoma Pharmacotherapy;search:Glaucoma Medical Therapy;search:Glaucoma;info:l~Glaucoma Pharmacotherapy	Only disease concepts returned; no clear pharmacotherapy action concept.
Glaucoma Surgery	1	surgical procedure	NO_MATCH			search:Glaucoma Surgery;search:Trabeculectomy;info:l~Glaucoma Surgery	No surgical concept returned in this NCIT release for this phrasing.
Dental Management	1	surgical procedure	NEAR_MATCH	NCIT:C203584	Dental Care	search:Dental Management;search:Dental Care;search:Dental Procedure;info:l~Dental Management	Mapped management phrasing to dental care concept.
Dabrafenib Plus Trametinib	1	pharmacotherapy	NO_MATCH			propagated_case_variant_from:Dabrafenib plus Trametinib	Case/format variant of an already manually curated label.
Encorafenib plus Cetuximab	1	pharmacotherapy	NO_MATCH			search:Encorafenib plus Cetuximab;search:Encorafenib Cetuximab;search:Encorafenib;search:Cetuximab;info:l~Encorafenib plus Cetuximab	No single combination concept; component drugs found (C98283/C1723).
Encorafenib plus Cetuximab plus Binimetinib	1	pharmacotherapy	NO_MATCH			search:Encorafenib plus Cetuximab plus Binimetinib;search:Encorafenib Cetuximab Binimetinib;search:Encorafenib;search:Cetuximab;search:Binimetinib;info:l~Encorafenib plus Cetuximab plus Binimetinib	No single triple-combination concept; only component drugs found.
FOLFOXIRI plus Bevacizumab	1	chemotherapy	NEAR_MATCH	NCIT:C136252	FOLFOXIRI Regimen	search:FOLFOXIRI plus Bevacizumab;search:FOLFOXIRI;search:Bevacizumab;info:l~FOLFOXIRI plus Bevacizumab	No explicit FOLFOXIRI+bevacizumab combo concept; mapped to core regimen concept.
Dabrafenib Monotherapy	1	pharmacotherapy	NEAR_MATCH	NCIT:C82386	Dabrafenib	search:Dabrafenib Monotherapy;search:Dabrafenib;info:l~Dabrafenib Monotherapy	Monotherapy qualifier absent; mapped to dabrafenib concept.
Vemurafenib plus Cobimetinib	1	pharmacotherapy	NO_MATCH			search:Vemurafenib plus Cobimetinib;search:Vemurafenib Cobimetinib;search:Vemurafenib;search:Cobimetinib;info:l~Vemurafenib plus Cobimetinib	No single combination concept; component drugs found (C64768/C68923).
Olaparib	1	pharmacotherapy	MATCH	NCIT:C71721	Olaparib	search:Olaparib	Exact label match.
Rucaparib	1	pharmacotherapy	MATCH	NCIT:C137800	Rucaparib	search:Rucaparib	Exact label match.
Androgen Deprivation Therapy	1	pharmacotherapy	NEAR_MATCH	NCIT:C15481	Antiandrogen Therapy	search:Androgen Deprivation Therapy;search:Antiandrogen Therapy;info:l~Androgen Deprivation Therapy	Mapped ADT phrasing to antiandrogen therapy concept.
Empiric Antibiotic Therapy	1	pharmacotherapy	NEAR_MATCH	NCIT:C15620	Antibiotic Therapy	search:Empiric Antibiotic Therapy;search:Empirical Antibiotic Therapy;search:Antibiotic Therapy;info:l~Empiric Antibiotic Therapy	Empiric qualifier absent in NCIT; mapped to antibiotic therapy.
Targeted Antibiotic Therapy	1	pharmacotherapy	NEAR_MATCH	NCIT:C15620	Antibiotic Therapy	search:Targeted Antibiotic Therapy;search:Directed Antibiotic Therapy;search:Antibiotic Therapy;info:l~Targeted Antibiotic Therapy	Targeted qualifier absent; mapped to antibiotic therapy.
Dexamethasone	1	pharmacotherapy	MATCH	NCIT:C422	Dexamethasone	search:Dexamethasone	Exact label match.
Dietary and Lifestyle Modifications	1	dietary intervention	NEAR_MATCH	NCIT:C15447	Dietary Intervention	search:Dietary and Lifestyle Modifications;search:Dietary Intervention;search:Lifestyle Therapy	Composite phrase mapped to closest dietary intervention concept.
Setmelanotide	1	pharmacotherapy	MATCH	NCIT:C152349	Setmelanotide	search:Setmelanotide	Exact label match.
Penicillin therapy	1	pharmacotherapy	PENDING				
Prednisone and Azathioprine	1	corticosteroid agent therapy	PENDING				
Mycophenolate Mofetil or Azathioprine	1	pharmacotherapy	PENDING				
Pirfenidone	1	pharmacotherapy	PENDING				
Nintedanib	1	pharmacotherapy	PENDING				
Botulinum Antitoxin	1	pharmacotherapy	PENDING				
Conservative Management	1	supportive care	PENDING				
Vaccinations	1	vaccination	PENDING				
Intensive Chemotherapy	1	chemotherapy	PENDING				
Tumor Lysis Syndrome Prophylaxis	1	supportive care	PENDING				
Antimycobacterial therapy	1	pharmacotherapy	PENDING				
Seizure Management	1	pharmacotherapy	PENDING				
Dermatologic Care	1	pharmacotherapy	PENDING				
Supportive Developmental Therapies	1	supportive care	PENDING				
Behavioral Management	1	pharmacotherapy	PENDING				
Serial Splinting	1	occupational therapy	PENDING				
Surgical Release	1	surgical procedure	PENDING				
Cardiac Management	1	surgical procedure	PENDING				
Cone Biopsy/LEEP	1	surgical procedure	PENDING				
Radical Hysterectomy	1	surgical procedure	PENDING				
Chemoradiation	1	radiation therapy	PENDING				
Benznidazole or nifurtimox therapy	1	pharmacotherapy	PENDING				
Symptomatic management	1	supportive care	MATCH	NCIT:C170740	Symptomatic Therapy	propagated_case_variant_from:Symptomatic Management	Case/format variant of an already manually curated label.
Oral Rehydration Solution (ORS)	1	hydrotherapy	PENDING				
Intravenous Rehydration	1	hydrotherapy	PENDING				
Antibiotics	1	pharmacotherapy	PENDING				
Zinc Supplementation	1	nutritional supplementation	PENDING				
Venetoclax plus Obinutuzumab	1	pharmacotherapy	PENDING				
Chemoimmunotherapy (FCR)	1	chemotherapy	PENDING				
Watch and Wait	1	surveillance for malignancies	PENDING				
Smoking Cessation	1	behavioral counseling	PENDING				
Phosphodiesterase-4 Inhibitors	1	pharmacotherapy	PENDING				
Pulmonary Rehabilitation	1	physical therapy	PENDING				
Lung Volume Reduction Surgery	1	surgical procedure	PENDING				
Mucolytic Therapy	1	pharmacotherapy	PENDING				
Macrolide Antibiotics	1	pharmacotherapy	PENDING				
Biologic Therapies	1	pharmacotherapy	PENDING				
Nephrectomy	1	surgical procedure	PENDING				
VEGFR Tyrosine Kinase Inhibitors	1	pharmacotherapy	PENDING				
Wide Surgical Resection	1	surgical procedure	PENDING				
Sentinel Lymph Node Biopsy	1	surgical procedure	PENDING				
Vancomycin	1	pharmacotherapy	PENDING				
Fidaxomicin	1	pharmacotherapy	PENDING				
Fecal microbiota transplantation	1	fecal microbiota transplantation	MATCH	NCIT:C118643	Fecal Microbiota Transplantation	propagated_case_variant_from:Fecal Microbiota Transplantation	Case/format variant of an already manually curated label.
Bezlotoxumab	1	pharmacotherapy	PENDING				
Loop ileostomy with colonic lavage	1	surgical procedure	PENDING				
Corticosteroids (Budesonide)	1	topical corticosteroid therapy	PENDING				
Thiopurines (Azathioprine/6-Thioguanine)	1	pharmacotherapy	PENDING				
Anti-TNF-Î± Therapy	1	pharmacotherapy	PENDING				
Calcineurin Inhibitors (Tacrolimus)	1	pharmacotherapy	PENDING				
Medication discontinuation (Olmesartan withdrawal)	1	supportive care	PENDING				
Nutritional support and supplementation	1	nutritional supplementation	PENDING				
Intensive Chemotherapy (7+3) with High-Dose Cytarabine Consolidation	1	chemotherapy	PENDING				
Gemtuzumab Ozogamicin	1	pharmacotherapy	PENDING				
Cardiac Monitoring	1	diagnostic procedure	PENDING				
Tumor Surveillance	1	cancer screening	PENDING				
Aminosalicylates	1	pharmacotherapy	PENDING				
Immunomodulators	1	pharmacotherapy	PENDING				
Nutritional Therapy	1	dietary intervention	PENDING				
Anti-IL-23 Biologics	1	pharmacotherapy	PENDING				
TL1A Inhibitors	1	pharmacotherapy	PENDING				
JAK Inhibitors	1	pharmacotherapy	PENDING				
Immunosuppressive agents	1	pharmacotherapy	PENDING				
Medical Therapy	1	pharmacotherapy	PENDING				
Bilateral Adrenalectomy	1	adrenalectomy	PENDING				
Benzimidazole chemotherapy	1	pharmacotherapy	PENDING				
Surgical and percutaneous approaches	1	surgical procedure	PENDING				
Heart transplantation	1	transplantation procedure	PENDING				
Gene therapy (AAV9.LAMP2B)	1	gene therapy	PENDING				
Wide Local Excision	1	surgical procedure	PENDING				
Imatinib Targeted Therapy	1	pharmacotherapy	PENDING				
Cytoreductive Surgery	1	surgical procedure	PENDING				
Endoscopic Mechanical Hemostasis	1	supportive care	PENDING				
Angiographic Embolization	1	supportive care	PENDING				
Surgical Ligation or Wedge Resection	1	surgical procedure	PENDING				
R-CHOP Immunochemotherapy	1	chemotherapy	PENDING				
Polatuzumab Vedotin plus R-CHP	1	pharmacotherapy	PENDING				
Intensive Chemotherapy for Double-Hit Lymphoma	1	chemotherapy	PENDING				
Autologous Stem Cell Transplantation	1	hematopoietic stem cell transplantation	PENDING				
Early Intervention Programs	1	behavioral counseling	PENDING				
Hormone Replacement Therapy	1	hormone modifying therapy	PENDING				
Antiepileptic Medications	1	pharmacotherapy	PENDING				
Ketogenic Diet	1	dietary intervention	PENDING				
Supportive Therapies	1	supportive care	PENDING				
Vagus Nerve Stimulation (VNS)	1	surgical procedure	PENDING				
Antisense Oligonucleotide Therapy (STK-001/Zorevunersen)	1	gene therapy	PENDING				
AAV Gene Therapy (ETX101)	1	gene therapy	PENDING				
Cannabidiol	1	pharmacotherapy	PENDING				
Fenfluramine	1	pharmacotherapy	PENDING				
Stiripentol	1	pharmacotherapy	PENDING				
Osimertinib	1	pharmacotherapy	PENDING				
Erlotinib	1	pharmacotherapy	PENDING				
Gefitinib	1	pharmacotherapy	PENDING				
Amivantamab	1	pharmacotherapy	PENDING				
Aromatase Inhibitors	1	pharmacotherapy	PENDING				
Tamoxifen	1	pharmacotherapy	PENDING				
CDK4/6 Inhibitors	1	pharmacotherapy	PENDING				
Fulvestrant	1	pharmacotherapy	PENDING				
Elacestrant	1	pharmacotherapy	PENDING				
Experimental Therapies	1	antiviral agent therapy	PENDING				
Wound Care	1	supportive care	PENDING				
Gastrointestinal Management	1	gastrointestinal agent therapy	PENDING				
Adjuvant Chemotherapy	1	chemotherapy	PENDING				
Pemigatinib	1	pharmacotherapy	PENDING				
Futibatinib	1	pharmacotherapy	PENDING				
Infigratinib	1	pharmacotherapy	PENDING				
Erdafitinib	1	pharmacotherapy	PENDING				
Family support intervention	1	behavioral counseling	PENDING				
Midostaurin	1	pharmacotherapy	PENDING				
Gilteritinib	1	pharmacotherapy	PENDING				
Enzyme replacement therapy	1	enzyme replacement or supplementation therapy	PENDING				
Pharmacological chaperone therapy	1	pharmacotherapy	PENDING				
Gene therapy	1	gene therapy	MATCH	NCIT:C15238	Gene Therapy	propagated_case_variant_from:Gene Therapy	Case/format variant of an already manually curated label.
Prophylactic Colectomy	1	surgical procedure	PENDING				
Endoscopic Surveillance	1	colonoscopy	PENDING				
Colchicine	1	pharmacotherapy	PENDING				
Anti-IL-1 Therapy	1	pharmacotherapy	PENDING				
NSAIDs	1	pharmacotherapy	PENDING				
Hematopoietic Stem Cell Transplantation (HSCT)	1	hematopoietic stem cell transplantation	PENDING				
Androgen Therapy	1	hormone modifying therapy	PENDING				
Cancer Surveillance	1	cancer screening	PENDING				
Palovarotene	1	pharmacotherapy	PENDING				
Garetosmab	1	pharmacotherapy	PENDING				
Duloxetine	1	pharmacotherapy	PENDING				
Milnacipran	1	pharmacotherapy	PENDING				
Pregabalin	1	pharmacotherapy	PENDING				
Gabapentin	1	pharmacotherapy	PENDING				
Amitriptyline	1	pharmacotherapy	PENDING				
Aerobic Exercise	1	physical therapy	PENDING				
Cognitive Behavioral Therapy	1	behavioral counseling	PENDING				
Sleep Hygiene Education	1	behavioral counseling	PENDING				
Mindfulness-Based Stress Reduction	1	cognitive and behavioral intervention	PENDING				
Aquatic Therapy	1	physical therapy	PENDING				
H. pylori Eradication	1	pharmacotherapy	PENDING				
Perioperative Chemotherapy	1	chemotherapy	PENDING				
Avapritinib	1	pharmacotherapy	PENDING				
Tumor Treating Fields (TTFields)	1	cranial electrical stimulation	PENDING				
Bevacizumab	1	pharmacotherapy	PENDING				
Avoidance of Oxidative Stressors	1	medical action avoidance	PENDING				
Supportive Care During Acute Hemolysis	1	blood transfusion	PENDING				
Laser Ablation Therapy	1	laser ablation therapy	PENDING				
Sun Avoidance	1	sunlight avoidance	PENDING				
Antithrombotic Therapy	1	pharmacotherapy	PENDING				
Cardiovascular Management	1	pharmacotherapy	PENDING				
Neurosurgical Intervention	1	surgical procedure	PENDING				
Surgical Correction of Acral Features	1	surgical procedure	PENDING				
Antithyroid Medications	1	pharmacotherapy	PENDING				
Radioactive Iodine Therapy	1	hormone modifying therapy	PENDING				
ONC201 (DRD2 Antagonist)	1	pharmacotherapy	PENDING				
Pertuzumab	1	pharmacotherapy	PENDING				
Tucatinib	1	pharmacotherapy	PENDING				
Neratinib	1	pharmacotherapy	PENDING				
Trastuzumab plus Lapatinib	1	pharmacotherapy	PENDING				
Trastuzumab plus Pertuzumab	1	pharmacotherapy	PENDING				
Tucatinib plus Trastuzumab	1	pharmacotherapy	PENDING				
Trastuzumab plus Chemotherapy	1	pharmacotherapy	PENDING				
Trastuzumab plus Pembrolizumab plus Chemotherapy	1	pharmacotherapy	PENDING				
Ramucirumab plus Paclitaxel	1	pharmacotherapy	PENDING				
Respiratory Support	1	supportive care	PENDING				
Anticonvulsant Therapy	1	pharmacotherapy	PENDING				
Ophthalmologic Management	1	supportive care	PENDING				
Cetuximab	1	pharmacotherapy	PENDING				
Transoral Robotic Surgery	1	surgical procedure	PENDING				
Iron Chelation Therapy	1	pharmacotherapy	PENDING				
Dietary Modification	1	dietary intervention	MATCH	NCIT:C15447	Dietary Intervention	propagated_case_variant_from:Dietary modification	Case/format variant of an already manually curated label.
Screening of Family Members	1	genetic counseling	PENDING				
Factor IX Replacement	1	pharmacotherapy	PENDING				
Prophylactic Factor IX Replacement	1	pharmacotherapy	PENDING				
Antiviral Medications	1	pharmacotherapy	PENDING				
Interferon Therapy	1	pharmacotherapy	PENDING				
Direct-Acting Antivirals (DAAs)	1	pharmacotherapy	PENDING				
Hepatocellular Carcinoma Surveillance	1	surveillance for malignancies	PENDING				
Atezolizumab plus Bevacizumab	1	pharmacotherapy	PENDING				
Durvalumab plus Tremelimumab	1	pharmacotherapy	PENDING				
Sorafenib	1	pharmacotherapy	PENDING				
Lenvatinib	1	pharmacotherapy	PENDING				
Transarterial Chemoembolization (TACE)	1	chemotherapy	PENDING				
Radiofrequency/Microwave Ablation	1	ablation therapy	PENDING				
Risk-Reducing Salpingo-Oophorectomy	1	surgical procedure	PENDING				
Enhanced Surveillance	1	cancer screening	PENDING				
Desmopressin	1	pharmacotherapy	PENDING				
von Willebrand Factor/Factor VIII Concentrates	1	pharmacotherapy	PENDING				
Pull-Through Procedure	1	surgical procedure	PENDING				
Ostomy	1	surgical procedure	PENDING				
Cardiac monitoring and evaluation	1	clinical cardiac electrophysiologist evaluation	PENDING				
Surgical repair of cardiac defects	1	surgical procedure	PENDING				
Fexinidazole therapy	1	pharmacotherapy	PENDING				
Tetrabenazine	1	pharmacotherapy	PENDING				
Selective Serotonin Reuptake Inhibitors (SSRIs)	1	pharmacotherapy	PENDING				
ACE Inhibitors or ARBs	1	ACE inhibitor therapy	PENDING				
Diuretics	1	pharmacotherapy	PENDING				
Mineralocorticoid Receptor Antagonists	1	pharmacotherapy	PENDING				
Calcium Channel Blockers	1	calcium channel blocking agent therapy	PENDING				
Septal Myectomy	1	surgical procedure	PENDING				
Alcohol Septal Ablation	1	surgical procedure	PENDING				
Implantable Cardioverter Defibrillator (ICD)	1	surgical procedure	PENDING				
Enasidenib	1	pharmacotherapy	PENDING				
Vorasidenib (IDH1/2 Inhibitor)	1	pharmacotherapy	PENDING				
PCV Chemotherapy	1	chemotherapy	PENDING				
Antimicrobial Therapy	1	pharmacotherapy	PENDING				
Foot Surgery	1	surgical procedure	PENDING				
Valproic Acid	1	pharmacotherapy	PENDING				
Ethosuximide	1	pharmacotherapy	PENDING				
Levetiracetam	1	pharmacotherapy	PENDING				
Avoidance of Provocative Stimuli	1	medical action avoidance	PENDING				
Avoidance of Triggering Stimuli	1	medical action avoidance	PENDING				
Sunglasses or Blue Light Filtering Glasses	1	supportive care	PENDING				
Sotorasib	1	pharmacotherapy	PENDING				
Adagrasib	1	pharmacotherapy	PENDING				
KRAS G12C Inhibitor Combinations	1	pharmacotherapy	PENDING				
Local Therapy	1	radiation therapy	PENDING				
Reduction of Immunosuppression	1	pharmacotherapy	PENDING				
Anakinra	1	pharmacotherapy	PENDING				
Cyclosporine	1	pharmacotherapy	PENDING				
Testosterone Replacement Therapy	1	hormone modifying therapy	PENDING				
Fertility Treatment	1	surgical procedure	PENDING				
Psychological Support	1	behavioral counseling	PENDING				
Gluten-free diet	1	dietary intervention	PENDING				
Immunosuppressive therapy	1	pharmacotherapy	PENDING				
Endoscopic laser repair (type 1)	1	laser surgical procedure	PENDING				
Endoscopic CO2 laser repair (type 3)	1	laser surgical procedure	PENDING				
Injection laryngoplasty	1	surgical procedure	PENDING				
Surgical repair of laryngeal cleft	1	surgical procedure	PENDING				
Anterior laryngofissure repair with posterior cartilage grafting	1	surgical procedure	PENDING				
Combined open and endoscopic repair for long clefts	1	surgical procedure	PENDING				
Liposomal amphotericin B therapy	1	pharmacotherapy	PENDING				
Multidrug therapy with rifampicin, dapsone, and clofazimine	1	pharmacotherapy	PENDING				
Cancer Surveillance Protocol	1	cancer screening	PENDING				
Symptom-directed Pharmacotherapy	1	pharmacotherapy	PENDING				
Rehabilitation Therapy	1	physical therapy	PENDING				
Antihistamine Therapy	1	pharmacotherapy	PENDING				
Airway Protection (Tracheostomy or Secured Airway)	1	surgical procedure	PENDING				
Broad-Spectrum Intravenous Antibiotics	1	pharmacotherapy	PENDING				
Surgical Drainage and Odontogenic Source Control	1	surgical procedure	PENDING				
Oral Doxycycline	1	pharmacotherapy	PENDING				
Oral Amoxicillin	1	pharmacotherapy	PENDING				
Intravenous Ceftriaxone	1	pharmacotherapy	PENDING				
Mass drug administration with albendazole plus ivermectin or DEC	1	pharmacotherapy	PENDING				
Prophylactic Surgery	1	surgical procedure	PENDING				
Targeted Therapies	1	pharmacotherapy	PENDING				
Avoidance of fasting	1	dietary intervention	PENDING				
Emergency glucose administration	1	pharmacotherapy	PENDING				
L-carnitine supplementation	1	dietary intervention	PENDING				
Capmatinib	1	pharmacotherapy	PENDING				
Tepotinib	1	pharmacotherapy	PENDING				
Nivolumab plus Ipilimumab	1	pharmacotherapy	PENDING				
Pembrolizumab Plus Lenvatinib	1	pharmacotherapy	PENDING				
Pembrolizumab Monotherapy	1	pharmacotherapy	PENDING				
Hysterectomy	1	surgical procedure	PENDING				
Intensive Chemotherapy with ASCT	1	chemotherapy	PENDING				
Bendamustine-Rituximab	1	chemotherapy	PENDING				
Venetoclax	1	pharmacotherapy	PENDING				
BCAA-Restricted Diet	1	dietary intervention	PENDING				
Thiamine Supplementation	1	pharmacotherapy	PENDING				
Intravenous BCAA-Free Solution	1	pharmacotherapy	PENDING				
Acute Crisis Management	1	pharmacotherapy	PENDING				
Phenylbutyrate	1	pharmacotherapy	PENDING				
Angiotensin Receptor Blockers	1	pharmacotherapy	PENDING				
Aortic Surgery	1	surgical procedure	PENDING				
Orthopedic Interventions	1	surgical procedure	PENDING				
Vision Correction	1	surgical procedure	PENDING				
Surgical Resection for Symptomatic Cases	1	surgical procedure	PENDING				
Incidental Diverticulectomy with Stapling Devices	1	surgical procedure	PENDING				
Occipital encephalocele repair	1	surgical repair	PENDING				
Cerebrospinal fluid shunting for hydrocephalus	1	surgical repair	PENDING				
Cranial decompression	1	surgical repair	PENDING				
Mutation-specific exon skipping therapy (proposed)	1	gene therapy	PENDING				
Vandetanib/Cabozantinib	1	pharmacotherapy	PENDING				
SHH Pathway Inhibitors (Vismodegib/Sonidegib)	1	pharmacotherapy	PENDING				
Intralesional corticosteroid injection	1	corticosteroid agent therapy	PENDING				
Systemic corticosteroids	1	corticosteroid agent therapy	PENDING				
Anti-TNF therapy (infliximab)	1	pharmacotherapy	PENDING				
Anti-IL-12/23 therapy (ustekinumab)	1	pharmacotherapy	PENDING				
Low-Sodium Diet	1	dietary intervention	PENDING				
Diuretic Therapy	1	pharmacotherapy	PENDING				
Betahistine	1	pharmacotherapy	PENDING				
Intratympanic Injections	1	pharmacotherapy	PENDING				
Vestibular Rehabilitation	1	physical therapy	PENDING				
Endolymphatic Sac Surgery	1	surgical procedure	PENDING				
Avelumab	1	pharmacotherapy	PENDING				
Antiviral Therapy	1	antiviral agent therapy	PENDING				
Cidofovir	1	antiviral agent therapy	PENDING				
Brincidofovir	1	antiviral agent therapy	PENDING				
Isolation and Infection Control	1	behavioral counseling	PENDING				
Prophylactic Thyroidectomy	1	surgical procedure	PENDING				
RET Kinase Inhibitors	1	pharmacotherapy	PENDING				
Disease-Modifying Therapies (DMTs)	1	pharmacotherapy	PENDING				
Symptomatic Treatments	1	supportive care	PENDING				
Physical Therapy and Rehabilitation	1	physical therapy	PENDING				
Pacing	1	supportive care	PENDING				
Symptomatic Treatment	1	supportive care	PENDING				
Low-Dose Naltrexone	1	pharmacotherapy	PENDING				
Acetylcholinesterase Inhibitors	1	acetylcholinesterase inhibitor therapy	PENDING				
Thymectomy	1	thymectomy	PENDING				
Mycophenolate Mofetil	1	immune suppressant agent therapy	PENDING				
Combination Targeted Therapy	1	pharmacotherapy	PENDING				
Larotrectinib	1	pharmacotherapy	PENDING				
Sodium Oxybate	1	pharmacotherapy	PENDING				
Modafinil	1	pharmacotherapy	PENDING				
Pitolisant	1	pharmacotherapy	PENDING				
Solriamfetol	1	pharmacotherapy	PENDING				
Amphetamines	1	pharmacotherapy	PENDING				
Antidepressants	1	pharmacotherapy	PENDING				
Scheduled Naps	1	behavioral counseling	PENDING				
Intensity-Modulated Radiation Therapy	1	radiation therapy	PENDING				
Concurrent Chemoradiation	1	radiation therapy	PENDING				
Induction Chemotherapy	1	chemotherapy	PENDING				
Renal Replacement Therapy	1	renal dialysis	PENDING				
Risk-Adapted Chemotherapy	1	chemotherapy	PENDING				
Autologous Stem Cell Transplant	1	hematopoietic stem cell transplantation	PENDING				
Anti-GD2 Immunotherapy	1	immunotherapy procedure	PENDING				
Isotretinoin (Retinoic Acid)	1	pharmacotherapy	PENDING				
Acute Attack Treatment - Corticosteroids	1	pharmacotherapy	PENDING				
Cardiac Surgical Intervention	1	surgical procedure	PENDING				
Early Intervention Services	1	early intervention services	PENDING				
Bariatric Surgery	1	surgical procedure	PENDING				
Behavioral Therapy	1	behavioral counseling	PENDING				
Orlistat	1	pharmacotherapy	PENDING				
Ivermectin therapy	1	pharmacotherapy	PENDING				
Fracture Management	1	surgical procedure	PENDING				
Rodding Surgery	1	surgical procedure	PENDING				
Spinal Fusion	1	surgical procedure	PENDING				
Interosseous Membrane Excision	1	surgical procedure	PENDING				
Bisphosphonates	1	bisphosphonate agent therapy	PENDING				
Denosumab	1	pharmacotherapy	PENDING				
Teriparatide	1	pharmacotherapy	PENDING				
Romosozumab	1	pharmacotherapy	PENDING				
Calcium Supplementation	1	calcium supplementation	PENDING				
Vitamin D Supplementation	1	vitamin D supplementation	NEAR_MATCH	NCIT:C210732	Vitamin Supplement	search:Vitamin D Supplementation;search:Vitamin Supplement;search:Vitamin D	No direct supplementation action for vitamin D; mapped to vitamin supplement class.
Weight-Bearing Exercise	1	physical therapy	PENDING				
Endocrine Therapy Plus CDK4/6 Inhibitors	1	pharmacotherapy	PENDING				
Capivasertib	1	pharmacotherapy	PENDING				
Levodopa/Carbidopa	1	pharmacotherapy	PENDING				
Dopamine Agonists	1	pharmacotherapy	PENDING				
MAO-B Inhibitors	1	pharmacotherapy	PENDING				
COMT Inhibitors	1	pharmacotherapy	PENDING				
Deep Brain Stimulation	1	surgical procedure	PENDING				
Immunosuppressive Agents	1	pharmacotherapy	PENDING				
Biological Therapy	1	pharmacotherapy	PENDING				
Pars Plana Vitrectomy	1	surgical procedure	PENDING				
Endoscopic polypectomy	1	endoscopic procedure	PENDING				
Surgical resection	1	surgical procedure	MATCH	NCIT:C154430	Definitive Surgical Resection	propagated_case_variant_from:Surgical Resection	Case/format variant of an already manually curated label.
Genetic counseling	1	genetic counseling	MATCH	NCIT:C15240	Genetic Counseling	propagated_case_variant_from:Genetic Counseling	Case/format variant of an already manually curated label.
Airway Management	1	surgical procedure	PENDING				
Tyrosine Kinase Inhibitor plus Chemotherapy	1	pharmacotherapy	PENDING				
Blinatumomab	1	pharmacotherapy	PENDING				
Phenylalanine-Restricted Diet	1	dietary intervention	PENDING				
Sapropterin (Kuvan)	1	pharmacotherapy	PENDING				
Pegvaliase (Palynziq)	1	pharmacotherapy	PENDING				
Large Neutral Amino Acids	1	dietary intervention	PENDING				
Alpha-Adrenergic Blockade	1	pharmacotherapy	PENDING				
MIBG Therapy	1	radiation therapy	PENDING				
Temozolomide	1	chemotherapy	PENDING				
Caregiver Support	1	behavioral counseling	PENDING				
Penicillin injection	1	pharmacotherapy	PENDING				
Albendazole therapy	1	pharmacotherapy	PENDING				
Radical hepatic resection	1	surgical procedure	PENDING				
Tolvaptan	1	pharmacotherapy	PENDING				
Blood Pressure Control	1	pharmacotherapy	PENDING				
Renal Dialysis	1	renal dialysis	MATCH	NCIT:C15221	Dialysis	search:Renal Dialysis;search:Dialysis;info:l~Dialysis	Mapped renal dialysis wording to core Dialysis concept; Hemodialysis (C15248) also returned.
Kidney Transplantation	1	organ transplantation	PENDING				
Therapeutic Phlebotomy	1	therapeutic procedure	PENDING				
Probiotic Therapy	1	pharmacotherapy	PENDING				
Anti-inflammatory Medications	1	anti-inflammatory agent therapy	PENDING				
Nasal Steroids	1	pharmacotherapy	PENDING				
Fedratinib	1	pharmacotherapy	PENDING				
Stem Cell Transplant	1	chemotherapy	PENDING				
AKT inhibitor (miransertib/ARQ 092)	1	pharmacotherapy	PENDING				
Surgical intervention	1	surgical procedure	PENDING				
Targeted Cytokine Biologic Therapy	1	pharmacotherapy	PENDING				
Phosphodiesterase-5 Inhibitors	1	pharmacotherapy	PENDING				
Endothelin Receptor Antagonists	1	pharmacotherapy	PENDING				
Prostacyclin Analogues	1	pharmacotherapy	PENDING				
Cabozantinib	1	pharmacotherapy	PENDING				
Rabies post-exposure vaccination	1	vaccination	PENDING				
Rabies immunoglobulin administration	1	pharmacotherapy	PENDING				
Controlled refeeding and caloric advancement	1	nutrition intervention	PENDING				
Electrolyte supplementation and monitoring	1	nutritional supplementation	PENDING				
Thiamine (vitamin B1) supplementation	1	vitamin B1 supplementation	PENDING				
Micronutrient supplementation during refeeding	1	micronutrient supplementation	PENDING				
Radical Nephrectomy	1	surgical procedure	PENDING				
Targeted Systemic Therapy	1	pharmacotherapy	PENDING				
Focal Therapy (Laser/Cryotherapy)	1	laser ablation therapy	PENDING				
External Beam Radiation	1	radiation therapy	PENDING				
Botulinum Toxin Injection	1	botulinum toxin type A therapy	PENDING				
Non-Steroidal Anti-Inflammatory Drugs (NSAIDs)	1	pharmacotherapy	PENDING				
Disease-Modifying Antirheumatic Drugs (DMARDs)	1	pharmacotherapy	PENDING				
Glucocorticoids	1	pharmacotherapy	PENDING				
Immunoglobulin Replacement Therapy	1	pharmacotherapy	PENDING				
Antibiotic Prophylaxis	1	pharmacotherapy	PENDING				
Supportive Educational Programs	1	behavioral counseling	PENDING				
Methotrexate	1	pharmacotherapy	PENDING				
Anti-TNF Therapy	1	pharmacotherapy	PENDING				
Permethrin cream or ivermectin	1	pharmacotherapy	PENDING				
Praziquantel mass drug administration	1	pharmacotherapy	PENDING				
Cognitive Behavioral Therapy (CBT)	1	behavioral counseling	PENDING				
Social Skills Training	1	behavioral counseling	PENDING				
Vocational Rehabilitation	1	occupational therapy	PENDING				
Surgical repair	1	surgical procedure	PENDING				
Catheter-based intervention	1	catheterization	PENDING				
Conservative management	1	supportive care	PENDING				
Vitamin C Supplementation	1	vitamin C supplementation	NEAR_MATCH	NCIT:C210732	Vitamin Supplement	search:Vitamin C Supplementation;search:Ascorbic Acid;search:Vitamin Supplement	No direct supplementation action; mapped to vitamin supplement class (ascorbic acid also available as substance C285).
Surgical Canal Plugging	1	surgical procedure	PENDING				
Surgical Resurfacing	1	surgical procedure	PENDING				
Coenzyme Q10 supplementation	1	coenzyme Q10 supplementation	PENDING				
Carnitine supplementation	1	carnitine supplementation	PENDING				
B vitamin supplementation	1	B vitamin supplementation	PENDING				
ACE inhibitor therapy	1	ACE inhibitor therapy	PENDING				
Cardiac transplantation	1	cardiac transplantation	PENDING				
Diuretic therapy	1	diuretic agent therapy	PENDING				
Levosimendan infusion	1	pharmacotherapy	PENDING				
Fluid and electrolyte replacement	1	supportive care	PENDING				
Functional Endoscopic Sinus Surgery	1	nasal endoscopy	PENDING				
Orbital Floor Reconstruction	1	surgical plastic reconstruction of face	PENDING				
Platinum-Etoposide Chemotherapy	1	chemotherapy	PENDING				
Atezolizumab (with Chemotherapy)	1	pharmacotherapy	PENDING				
Durvalumab (with Chemotherapy)	1	pharmacotherapy	PENDING				
Thoracic Radiation	1	radiation therapy	PENDING				
Prophylactic Cranial Irradiation	1	radiation therapy	PENDING				
Lurbinectedin	1	pharmacotherapy	PENDING				
Topotecan	1	pharmacotherapy	PENDING				
Prokinetic agents	1	pharmacotherapy	PENDING				
Antivenom administration	1	pharmacotherapy	PENDING				
Albendazole or mebendazole therapy	1	pharmacotherapy	PENDING				
Prophylactic Retinal Treatment	1	surgical procedure	PENDING				
Joint Protection	1	physical therapy	PENDING				
Cleft Repair	1	surgical procedure	PENDING				
Baclofen	1	pharmacotherapy	PENDING				
Intravenous Immunoglobulin	1	pharmacotherapy	PENDING				
Type I Interferon Receptor Antagonist	1	pharmacotherapy	PENDING				
B Cell Depletion Therapy	1	pharmacotherapy	PENDING				
BAFF Pathway Inhibition	1	pharmacotherapy	PENDING				
Palatal cleft repair	1	surgical procedure	PENDING				
Orthopedic surgery	1	surgical procedure	PENDING				
Multidisciplinary supportive care	1	supportive care	PENDING				
Antiparasitic therapy	1	pharmacotherapy	PENDING				
Substrate Reduction Therapy	1	pharmacotherapy	PENDING				
Tetanus Immunoglobulin (TIG)	1	pharmacotherapy	PENDING				
Wound Debridement	1	surgical procedure	PENDING				
Muscle Relaxants and Sedation	1	pharmacotherapy	PENDING				
Active Immunization	1	vaccination	PENDING				
Antibiotic mass drug administration (SAFE strategy)	1	pharmacotherapy	PENDING				
None Required	1	supportive care	PENDING				
Plasma Exchange	1		PENDING				
Loperamide	1	pharmacotherapy	PENDING				
Fluoroquinolone antibiotics	1	pharmacotherapy	PENDING				
Rifaximin	1	pharmacotherapy	PENDING				
Bismuth subsalicylate	1	pharmacotherapy	PENDING				
Probiotic prophylaxis	1	pharmacotherapy	PENDING				
Education on safe food and water practices	1	supportive care	PENDING				
Rifaximin prophylaxis	1	pharmacotherapy	PENDING				
Pembrolizumab Plus Chemotherapy	1	pharmacotherapy	PENDING				
Sacituzumab Govitecan	1	pharmacotherapy	PENDING				
Isoniazid	1	pharmacotherapy	PENDING				
Rifampicin	1	pharmacotherapy	PENDING				
Ethambutol	1	pharmacotherapy	PENDING				
Directly Observed Therapy (DOT)	1	pharmacotherapy	PENDING				
Latent TB Treatment	1	pharmacotherapy	PENDING				
Host-Directed Therapy	1	supportive care	PENDING				
SGLT2 Inhibitors	1	pharmacotherapy	PENDING				
Tebentafusp	1	pharmacotherapy	PENDING				
Plaque Brachytherapy	1	radiation therapy	PENDING				
Lamotrigine	1	pharmacotherapy	PENDING				
Topical Corticosteroid	1	pharmacotherapy	PENDING				
JAK Inhibitor Therapy	1	pharmacotherapy	PENDING				
Phototherapy	1	radiation therapy	PENDING				
Skin Graft	1	surgical procedure	PENDING				
Melanocyte Transplantation	1	organ transplantation	PENDING				
Monobenzone Cream	1	pharmacotherapy	PENDING				
Nephron-Sparing Surgery	1	surgical procedure	PENDING				
Ceftriaxone induction followed by trimethoprim/sulfamethoxazole	1	pharmacotherapy	PENDING				
Doxycycline plus hydroxychloroquine regimen	1	pharmacotherapy	PENDING				
D-Penicillamine	1	copper chelator agent therapy	PENDING				
Trientine	1	copper chelator agent therapy	PENDING				
Zinc Acetate	1	pharmacotherapy	PENDING				
Low Copper Diet	1	dietary intervention	PENDING				
Tetrathiomolybdate	1	copper chelator agent therapy	PENDING				
Nonsteroidal anti-inflammatory drugs	1	NSAID therapy	PENDING				
Dapsone	1	pharmacotherapy	PENDING				
Seizure Management with Levetiracetam	1	pharmacotherapy	PENDING				
Seizure Management with Valproic Acid	1	pharmacotherapy	PENDING				
Early Aggressive Seizure Management	1	pharmacotherapy	PENDING				
Azithromycin therapy	1	pharmacotherapy	PENDING				
Cataract surgery	1	surgical procedure	PENDING				
