drug_id	drug_label	chebi_id	status	disorders
NCIT:C1005	Arsenic Trioxide	CHEBI:30621	PRESENT_NO_EVIDENCE	Acute Promyelocytic Leukemia, PML-RARA
NCIT:C1013	Benznidazole	-	ABSENT	-
NCIT:C1014	Verteporfin	CHEBI:32293	ABSENT	-
NCIT:C1016	Beta-Carotene	CHEBI:17579	ABSENT	-
NCIT:C101790	Alectinib	CHEBI:62268	ABSENT	-
NCIT:C1023	Amoxicillin-Clavulanate Potassium	-	ABSENT	-
NCIT:C102546	Selinexor	-	PRESENT_NO_EVIDENCE	Wilms Tumor
NCIT:C102554	Trifluridine and Tipiracil Hydrochloride	-	ABSENT	-
NCIT:C102564	Capivasertib	-	ABSENT	-
NCIT:C102566	Mirvetuximab Soravtansine	-	ABSENT	-
NCIT:C102571	Epoetin Zeta	-	ABSENT	-
NCIT:C102758	Tisagenlecleucel	-	PRESENT_NO_EVIDENCE	Follicular Lymphoma
NCIT:C102783	Sacituzumab Govitecan	-	PRESENT_NO_EVIDENCE	Metastatic Breast Carcinoma; Triple-Negative Breast Cancer
NCIT:C102852	Fruquintinib	-	ABSENT	-
NCIT:C102880	Everolimus Tablets for Oral Suspension	-	ABSENT	-
NCIT:C103147	Venetoclax	-	ABSENT	-
NCIT:C103194	Durvalumab	-	PRESENT_NO_EVIDENCE	FGFR-Altered Cholangiocarcinoma; Gallbladder Cancer; Hepatocellular Carcinoma; IDH-Mutant Cholangiocarcinoma; Small Cell Lung Cancer
NCIT:C103273	Erdafitinib	-	PRESENT_NO_EVIDENCE	Bladder Urothelial Carcinoma; FGFR-Altered Urothelial Carcinoma; Transitional Cell Carcinoma
NCIT:C1038	Carbogen	-	ABSENT	-
NCIT:C104012	Luspatercept	-	PRESENT_NO_EVIDENCE	Beta Thalassemia; Myelodysplastic Syndrome
NCIT:C1041	Cefepime Hydrochloride	CHEBI:31368	ABSENT	-
NCIT:C104153	Polatuzumab Vedotin	-	PRESENT_WITH_EVIDENCE	Diffuse Large B-Cell Lymphoma
NCIT:C104748	Darolutamide	-	ABSENT	-
NCIT:C1054	Clarithromycin	CHEBI:3732	PRESENT_NO_EVIDENCE	Boutonneuse fever
NCIT:C1057	Cordycepin	CHEBI:29014	ABSENT	-
NCIT:C106250	Atezolizumab	-	PRESENT_NO_EVIDENCE	Alveolar Soft Part Sarcoma; Bladder Urothelial Carcinoma; Hepatocellular Carcinoma; Malignant Peritoneal Mesothelioma; Metastatic Hepatocellular Carcinoma; Small Cell Lung Cancer
NCIT:C106254	Tovorafenib	-	PRESENT_WITH_EVIDENCE	Pilocytic Astrocytoma
NCIT:C1064	Defibrotide Sodium	-	ABSENT	-
NCIT:C106432	Pembrolizumab	-	PRESENT_NO_EVIDENCE	Anal Canal Adenocarcinoma; Anal Canal Carcinoma; Anaplastic Thyroid Carcinoma; Angiosarcoma; BRAF V600 Mutant Melanoma; BRAF V600E-Mutant Colorectal Cancer; Bladder Urothelial Carcinoma; Cervical Adenocarcinoma; Cervical Cancer; Cervical Squamous Cell Carcinoma; Classic Hodgkin Lymphoma; Endometrial Carcinoma; Endometrial Endometrioid Adenocarcinoma; Esophageal Carcinoma; Esophageal Squamous Cell Carcinoma; Gallbladder Cancer; Gestational Trophoblastic Neoplasm; Laryngeal Squamous Cell Carcinoma; Liposarcoma; MSI-High Colorectal Cancer; MSI-High Endometrial Cancer; Merkel Cell Carcinoma; Metastatic Non-Small Cell Lung Cancer; Metastatic Prostate Cancer; Metastatic Renal Cell Carcinoma; Ovarian Endometrioid Carcinoma; Paranasal Sinus Squamous Cell Carcinoma; Penile Cancer; Sezary Syndrome; Squamous Cell Carcinoma of Penis; Thymic Carcinoma; Transitional Cell Carcinoma; Triple-Negative Breast Cancer; Urinary Bladder Small Cell Neuroendocrine Carcinoma
NCIT:C1071	Porfimer Sodium	CHEBI:60773	ABSENT	-
NCIT:C1093	Etoposide Phosphate	-	ABSENT	-
NCIT:C1094	Fludarabine	-	ABSENT	-
NCIT:C1097	Exemestane	CHEBI:4953	ABSENT	-
NCIT:C1102	Fludarabine Phosphate	CHEBI:63599	ABSENT	-
NCIT:C1105	Fosfestrol	CHEBI:4532	ABSENT	-
NCIT:C1108	Gabapentin	-	ABSENT	-
NCIT:C111757	Mercaptopurine Oral Suspension	-	ABSENT	-
NCIT:C1119	Ondansetron	-	ABSENT	-
NCIT:C1126	Haemophilus Influenzae B Vaccine	-	ABSENT	-
NCIT:C11280	Fluorouracil-Uracil	-	ABSENT	-
NCIT:C1131	Tropisetron	-	ABSENT	-
NCIT:C113164	Tisotumab Vedotin	-	ABSENT	-
NCIT:C113442	Acalabrutinib	-	ABSENT	-
NCIT:C113655	Lorlatinib	-	ABSENT	-
NCIT:C1138	Itraconazole	CHEBI:6076	PRESENT_NO_EVIDENCE	Coccidioidomycosis; Mycetoma
NCIT:C114283	Futibatinib	-	PRESENT_WITH_EVIDENCE	FGFR-Altered Cholangiocarcinoma
NCIT:C114299	Belantamab Mafodotin	-	ABSENT	-
NCIT:C114383	Ivosidenib	-	ABSENT	-
NCIT:C114498	Relugolix	-	ABSENT	-
NCIT:C114500	Enfortumab Vedotin	-	PRESENT_WITH_EVIDENCE	Transitional Cell Carcinoma
NCIT:C1149	Aluminum Hydroxide/Magnesium Hydroxide	-	ABSENT	-
NCIT:C114984	Entrectinib	-	PRESENT_WITH_EVIDENCE	Fibrosarcoma
NCIT:C115102	Decitabine and Cedazuridine	-	ABSENT	-
NCIT:C115112	Ceritinib	-	ABSENT	-
NCIT:C1153	Dolasetron Mesylate	-	ABSENT	-
NCIT:C1156	Megestrol Acetate	CHEBI:6723	ABSENT	-
NCIT:C1160	Meropenem	CHEBI:6770	ABSENT	-
NCIT:C116377	Osimertinib	-	ABSENT	-
NCIT:C116722	Gilteritinib	-	ABSENT	-
NCIT:C116870	Avelumab	-	PRESENT_WITH_EVIDENCE	Merkel Cell Carcinoma
NCIT:C1170	Miltefosine	-	ABSENT	-
NCIT:C1172	Nandrolone Decanoate	-	ABSENT	-
NCIT:C1173	Nilutamide	CHEBI:7573	ABSENT	-
NCIT:C1176	Olsalazine	CHEBI:7770	ABSENT	-
NCIT:C117729	Idecabtagene Vicleucel	-	ABSENT	-
NCIT:C1181	Oxaliplatin	CHEBI:31941	PRESENT_NO_EVIDENCE	Metastatic Gastric Cancer
NCIT:C1183	Ranpirnase	-	ABSENT	-
NCIT:C118571	Telisotuzumab Vedotin	-	ABSENT	-
NCIT:C119665	Gilteritinib Fumarate	-	ABSENT	-
NCIT:C1200	Pegaspargase	-	PRESENT_NO_EVIDENCE	Aggressive NK-cell Leukemia
NCIT:C120309	Axicabtagene Ciloleucel	-	PRESENT_NO_EVIDENCE	Follicular Lymphoma
NCIT:C1212	Sirolimus	CHEBI:9168	PRESENT_NO_EVIDENCE	Activated PI3K-delta syndrome; Castleman Disease; FAS-related Autoimmune Lymphoproliferative Syndrome; Familial Focal Epilepsy With Variable Foci; Gorham-Stout disease; Perivascular Epithelioid Cell Neoplasm; Peutz-Jeghers polyp; Peutz-Jeghers syndrome; Primary Pigmented Nodular Adrenocortical Disease; Tuberous Sclerosis Complex
NCIT:C121540	Cemiplimab	-	PRESENT_NO_EVIDENCE	Basal Cell Carcinoma
NCIT:C121553	Pemigatinib	-	PRESENT_WITH_EVIDENCE	FGFR-Altered Cholangiocarcinoma
NCIT:C1216	Retinyl Acetate	CHEBI:32095	ABSENT	-
NCIT:C1217	Retinyl Palmitate	CHEBI:17616	ABSENT	-
NCIT:C1230	Sodium Thiosulfate	CHEBI:32150	ABSENT	-
NCIT:C123428	Naxitamab	-	ABSENT	-
NCIT:C1238	Strontium Chloride Sr-89	-	ABSENT	-
NCIT:C123827	Avapritinib	-	PRESENT_NO_EVIDENCE	Gastrointestinal Stromal Tumor; Systemic Mastocytosis; Thymic Carcinoma
NCIT:C1239	Exisulind	CHEBI:64212	ABSENT	-
NCIT:C124067	Ripretinib	-	ABSENT	-
NCIT:C1244	Temozolomide	-	PRESENT_WITH_EVIDENCE	Glioblastoma, IDH-Wildtype
NCIT:C124657	Ravulizumab	-	PRESENT_NO_EVIDENCE	Atypical Hemolytic Uremic Syndrome; Neuromyelitis Optica Spectrum Disorder
NCIT:C1247	Testosterone Enanthate	CHEBI:9464	ABSENT	-
NCIT:C124993	Amivantamab	-	PRESENT_WITH_EVIDENCE	EGFR-Mutant Non-Small Cell Lung Cancer
NCIT:C125192	Lisocabtagene Maraleucel	-	ABSENT	-
NCIT:C125549	Loncastuximab Tesirine	-	ABSENT	-
NCIT:C1256	Toremifene	CHEBI:9635	ABSENT	-
NCIT:C1257	Treosulfan	-	ABSENT	-
NCIT:C1265	Trimetrexate Glucuronate	-	ABSENT	-
NCIT:C1267	Triptorelin	CHEBI:63633	ABSENT	-
NCIT:C126799	Dostarlimab	-	PRESENT_NO_EVIDENCE	Endometrial Carcinoma; Endometrial Endometrioid Adenocarcinoma; MSI-High Colorectal Cancer; MSI-High Endometrial Cancer
NCIT:C127012	Baricitinib	-	ABSENT	-
NCIT:C127119	Omidubicel	-	ABSENT	-
NCIT:C127123	Emapalumab	-	PRESENT_NO_EVIDENCE	Hemophagocytic Lymphohistiocytosis
NCIT:C1275	Vinorelbine	CHEBI:480999	ABSENT	-
NCIT:C1278	Venlafaxine	CHEBI:9943	PRESENT_NO_EVIDENCE	Generalized Anxiety Disorder; Panic Disorder; Post-Traumatic Stress Disorder; Social Anxiety Disorder
NCIT:C1280	Zinc Sulfate	CHEBI:35176	ABSENT	-
NCIT:C128059	Dabrafenib Mesylate	-	ABSENT	-
NCIT:C1282	Carboplatin	CHEBI:31355	PRESENT_NO_EVIDENCE	Central Nervous System Teratoma; Choroid Plexus Carcinoma; Endometrial Carcinoma; Endometrial Endometrioid Adenocarcinoma; Esophageal Adenocarcinoma; Fallopian Tube Cancer; Gastroenteropancreatic Neuroendocrine Neoplasm; Malignant Non-Dysgerminomatous Germ Cell Tumor Of Ovary; Ovarian Endometrioid Carcinoma; Ovarian High-Grade Serous Carcinoma; Ovarian Mucinous Carcinoma; Pilocytic Astrocytoma; Pineoblastoma; Retinoblastoma; Testicular Seminoma; Thymic Carcinoma; Yolk Sac Tumor
NCIT:C128625	Caplacizumab	-	ABSENT	-
NCIT:C128646	Idarucizumab	-	ABSENT	-
NCIT:C1287	Recombinant Granulocyte Colony-Stimulating Factor	-	PRESENT_NO_EVIDENCE	EFL1-related Shwachman-Diamond syndrome
NCIT:C128799	Trastuzumab Deruxtecan	-	PRESENT_NO_EVIDENCE	HER2-Positive Breast Cancer; HER2-Positive Colorectal Cancer; HER2-Positive Gastric Cancer; Metastatic Breast Carcinoma
NCIT:C130010	Zanidatamab	-	ABSENT	-
NCIT:C13008	Lymphokine-Activated Killer Cells	-	ABSENT	-
NCIT:C1303	Oprelvekin	-	ABSENT	-
NCIT:C1311	Tacrolimus	CHEBI:61057	ABSENT	-
NCIT:C131178	Rucaparib Camsylate	-	ABSENT	-
NCIT:C131334	Toripalimab	-	ABSENT	-
NCIT:C1317	Bupropion Hydrochloride	-	ABSENT	-
NCIT:C1319	Leuprolide Acetate	CHEBI:63597	ABSENT	-
NCIT:C1321	Muromonab-CD3	-	ABSENT	-
NCIT:C132295	Pralsetinib	-	PRESENT_NO_EVIDENCE	Medullary Thyroid Carcinoma; RET Fusion-Positive Thyroid Cancer; RET-Rearranged Non-Small Cell Lung Cancer
NCIT:C1326	Doxorubicin Hydrochloride	-	ABSENT	-
NCIT:C133238	Niraparib Tosylate Monohydrate	-	ABSENT	-
NCIT:C1333	Dexrazoxane	CHEBI:50223	ABSENT	-
NCIT:C1336	Cladribine	CHEBI:567361	PRESENT_NO_EVIDENCE	Hairy Cell Leukemia; Langerhans Cell Histiocytosis
NCIT:C1337	Cevimeline Hydrochloride	-	ABSENT	-
NCIT:C133821	Repotrectinib	-	ABSENT	-
NCIT:C1345	Pamidronate Disodium	-	ABSENT	-
NCIT:C134987	Selpercatinib	-	PRESENT_NO_EVIDENCE	Medullary Thyroid Carcinoma; Multiple Endocrine Neoplasia Type 2; RET Fusion-Positive Thyroid Cancer; RET-Rearranged Non-Small Cell Lung Cancer
NCIT:C1353	Granisetron Hydrochloride	-	ABSENT	-
NCIT:C1355	Calcium Citrate	-	ABSENT	-
NCIT:C135627	Belzutifan	-	PRESENT_NO_EVIDENCE	Clear Cell Renal Cell Carcinoma; Metastatic Renal Cell Carcinoma; Pacak-Zhuang syndrome; Renal Cell Carcinoma; Von Hippel-Lindau Disease
NCIT:C136268	Dara-Rd Regimen	-	ABSENT	-
NCIT:C1365	Dimesna	-	ABSENT	-
NCIT:C136821	Rituximab and Hyaluronidase Human	-	ABSENT	-
NCIT:C136891	Neratinib Maleate	-	ABSENT	-
NCIT:C1374	Goserelin	-	ABSENT	-
NCIT:C137800	Rucaparib	-	ABSENT	-
NCIT:C137825	Enasidenib Mesylate	-	ABSENT	-
NCIT:C1379	Fulvestrant	CHEBI:31638	PRESENT_NO_EVIDENCE	ER-Positive Breast Cancer; Metastatic Breast Carcinoma; PIK3CA-Mutant Breast Cancer
NCIT:C138099	FAC Regimen	-	ABSENT	-
NCIT:C1381	Irinotecan Hydrochloride	-	ABSENT	-
NCIT:C1386	Isosulfan Blue	-	ABSENT	-
NCIT:C138995	Capmatinib Hydrochloride	-	ABSENT	-
NCIT:C1395	Vinorelbine Tartrate	CHEBI:32296	ABSENT	-
NCIT:C1408	Rifabutin	CHEBI:45367	ABSENT	-
NCIT:C1409	Carbenicillin Indanyl Sodium	CHEBI:31358	ABSENT	-
NCIT:C1411	Paclitaxel	CHEBI:45863	PRESENT_NO_EVIDENCE	Angiosarcoma; Endometrial Carcinoma; Endometrial Endometrioid Adenocarcinoma; Esophageal Adenocarcinoma; Fallopian Tube Cancer; HER2-Positive Gastric Cancer; Kaposi Sarcoma; Malignant Non-Dysgerminomatous Germ Cell Tumor Of Ovary; Ovarian Endometrioid Carcinoma; Ovarian High-Grade Serous Carcinoma; Ovarian Mucinous Carcinoma; Thymic Carcinoma
NCIT:C141428	Zanubrutinib	-	PRESENT_NO_EVIDENCE	Waldenstrom Macroglobulinemia
NCIT:C1417	Goserelin Acetate	-	ABSENT	-
NCIT:C1418	Clodronate Disodium	CHEBI:59587	ABSENT	-
NCIT:C142168	Retifanlimab	-	ABSENT	-
NCIT:C1423	Perfosfamide	CHEBI:196991	ABSENT	-
NCIT:C1431	Imiquimod	CHEBI:36704	PRESENT_NO_EVIDENCE	Basal Cell Carcinoma; Vulvar Adenocarcinoma
NCIT:C1440	Sodium Phenylbutyrate	-	ABSENT	-
NCIT:C1453	Dalteparin	-	ABSENT	-
NCIT:C1468	Mycophenolate Mofetil	-	PRESENT_NO_EVIDENCE	MOGAD
NCIT:C146860	Elranatamab	-	ABSENT	-
NCIT:C1469	In 111 Satumomab Pendetide	-	ABSENT	-
NCIT:C1471	Lamivudine	CHEBI:63577	ABSENT	-
NCIT:C1474	Filgrastim	-	PRESENT_NO_EVIDENCE	Chemotherapy-Induced Neutropenia; Spinocerebellar ataxia type 17
NCIT:C1476	Denileukin Diftitox	-	ABSENT	-
NCIT:C148145	Lutetium Lu 177 Vipivotide Tetraxetan	-	ABSENT	-
NCIT:C148486	Glofitamab	-	ABSENT	-
NCIT:C148498	Ciltacabtagene Autoleucel	-	ABSENT	-
NCIT:C1485	Rubitecan	-	ABSENT	-
NCIT:C1492	Sargramostim	-	ABSENT	-
NCIT:C1494	Arcitumomab	-	ABSENT	-
NCIT:C1501	Phenyl Acetate	CHEBI:8082	ABSENT	-
NCIT:C150559	Avatrombopag	-	ABSENT	-
NCIT:C1518	Raloxifene	CHEBI:8772	ABSENT	-
NCIT:C151947	Cosibelimab	-	ABSENT	-
NCIT:C151967	Datopotamab Deruxtecan	-	ABSENT	-
NCIT:C152089	Voxelotor	-	ABSENT	-
NCIT:C1526	Docetaxel	CHEBI:59809	ABSENT	-
NCIT:C152666	Tivozanib Hydrochloride	-	ABSENT	-
NCIT:C1527	Letrozole	CHEBI:6413	ABSENT	-
NCIT:C152795	Umbralisib Tosylate	-	ABSENT	-
NCIT:C1528	Risedronate Sodium	-	ABSENT	-
NCIT:C152948	Zenocutuzumab	-	ABSENT	-
NCIT:C153084	Bezlotoxumab	-	PRESENT_WITH_EVIDENCE	Clostridioides difficile Infection
NCIT:C1533	Pemetrexed Disodium	CHEBI:63722	ABSENT	-
NCIT:C153373	Elagolix	-	PRESENT_NO_EVIDENCE	Uterine Leiomyoma
NCIT:C1534	Methionine C 11	-	ABSENT	-
NCIT:C154272	Ipilimumab/Nivolumab Regimen	-	ABSENT	-
NCIT:C154287	Sotorasib	-	ABSENT	-
NCIT:C154325	Dabrafenib/Trametinib Regimen	-	ABSENT	-
NCIT:C154326	Binimetinib/Encorafenib Regimen	-	ABSENT	-
NCIT:C154570	Nintedanib Esylate	-	ABSENT	-
NCIT:C1555	Pegylated Liposomal Doxorubicin Hydrochloride	-	ABSENT	-
NCIT:C155813	Axatilimab	-	ABSENT	-
NCIT:C156401	Daratumumab and Recombinant Human Hyaluronidase	-	ABSENT	-
NCIT:C156894	Glasdegib Maleate	-	ABSENT	-
NCIT:C156895	Larotrectinib Sulfate	-	ABSENT	-
NCIT:C1569	Daclizumab	-	ABSENT	-
NCIT:C1570	Dinutuximab	-	ABSENT	-
NCIT:C1574	Alitretinoin	CHEBI:50648	ABSENT	-
NCIT:C157493	Adagrasib	-	PRESENT_WITH_EVIDENCE	KRAS G12C-Mutant Non-Small Cell Lung Cancer
NCIT:C1577	Nolatrexed Dihydrochloride	-	ABSENT	-
NCIT:C1579	Eflornithine Hydrochloride	-	ABSENT	-
NCIT:C158060	Trastuzumab/Hyaluronidase-oysk	-	ABSENT	-
NCIT:C1581	Benzydamine Hydrochloride	-	ABSENT	-
NCIT:C158136	Empagliflozin	-	ABSENT	-
NCIT:C1583	Daunorubicin Hydrochloride	-	ABSENT	-
NCIT:C158422	SR Mitomycin Intravesical Solution	-	ABSENT	-
NCIT:C158504	Linvoseltamab	-	ABSENT	-
NCIT:C158617	Pirtobrutinib	-	ABSENT	-
NCIT:C1587	Idarubicin Hydrochloride	-	ABSENT	-
NCIT:C159541	Emicizumab	-	ABSENT	-
NCIT:C1599	Bicalutamide	CHEBI:3090	ABSENT	-
NCIT:C1607	Anastrozole	CHEBI:2704	ABSENT	-
NCIT:C162995	Fedratinib Hydrochloride	-	ABSENT	-
NCIT:C163022	Epcoritamab	-	PRESENT_NO_EVIDENCE	Diffuse Large B-Cell Lymphoma
NCIT:C1635	Bexarotene	CHEBI:50859	PRESENT_WITH_EVIDENCE	Sezary Syndrome
NCIT:C1639	Iodine I-131	-	ABSENT	-
NCIT:C164227	Ziftomenib	-	ABSENT	-
NCIT:C1643	Pneumococcal Polyvalent Vaccine	-	ABSENT	-
NCIT:C1646	Ancestim	-	ABSENT	-
NCIT:C1647	Trastuzumab	-	PRESENT_NO_EVIDENCE	Endometrial Carcinoma; Li-Fraumeni Syndrome
NCIT:C1654	Multivitamin	-	ABSENT	-
NCIT:C166389	Atezolizumab/Carboplatin/Nab-paclitaxel Regimen	-	ABSENT	-
NCIT:C166575	Brexpiprazole	-	ABSENT	-
NCIT:C166954	Tazemetostat Hydrobromide	-	ABSENT	-
NCIT:C1670	Ibandronate Sodium	-	ABSENT	-
NCIT:C167205	Sunvozertinib	-	ABSENT	-
NCIT:C1681	Alemtuzumab	-	ABSENT	-
NCIT:C1685	Dulanermin	-	ABSENT	-
NCIT:C1687	Imatinib Mesylate	CHEBI:31690	ABSENT	-
NCIT:C1691	Trabectedin	-	ABSENT	-
NCIT:C1699	Zoledronic Acid	-	ABSENT	-
NCIT:C169981	Finerenone	-	ABSENT	-
NCIT:C1702	Rituximab	CHEBI:64357	PRESENT_NO_EVIDENCE	Anti-NMDA Receptor Encephalitis; Autoimmune Autonomic Ganglionopathy; Autoimmune Retinopathy; Burkitt Lymphoma; CD27-related lymphoproliferative and immune disorder; CNS Vasculitis; Castleman Disease; Chronic Inflammatory Demyelinating Polyneuropathy; Cryoglobulinemic Vasculitis; Dermatomyositis; Eosinophilic granulomatosis with polyangiitis; FAS-related Autoimmune Lymphoproliferative Syndrome; Follicular Lymphoma; Giant Cell Hepatitis With Autoimmune Hemolytic Anemia; Granulomatosis with Polyangiitis; Hairy Cell Leukemia; IgA Vasculitis; IgG4-Related Disease; IgG4-Related Sclerosing Cholangitis; Immune Thrombocytopenia; Limbic Encephalitis; MALT Lymphoma; MOGAD; Mantle Cell Lymphoma; Membranous nephropathy; Minimal Change Disease; Neuromyelitis Optica; Neuromyelitis Optica Spectrum Disorder; Neuropsychiatric Systemic Lupus Erythematosus; Paraneoplastic Neurological Syndromes; Pemphigus Vulgaris; Rheumatoid Vasculitis; Sjogren's Syndrome; Susac Syndrome; Waldenstrom Macroglobulinemia
NCIT:C170224	Nirsevimab	-	ABSENT	-
NCIT:C1704	Nelarabine	CHEBI:63612	ABSENT	-
NCIT:C170439	Brexucabtagene Autoleucel	-	ABSENT	-
NCIT:C1707	Voriconazole	CHEBI:10023	ABSENT	-
NCIT:C171041	Carboplatin/Durvalumab/Etoposide Regimen	-	ABSENT	-
NCIT:C171042	Cisplatin/Durvalumab/Etoposide Regimen	-	ABSENT	-
NCIT:C171375	Capecitabine/Trastuzumab/Tucatinib Regimen	-	ABSENT	-
NCIT:C171676	Ensartinib Hydrochloride	-	ABSENT	-
NCIT:C171722	Asciminib Hydrochloride	-	ABSENT	-
NCIT:C171761	Tepotinib Hydrochloride	-	ABSENT	-
NCIT:C171898	Elacestrant Hydrochloride	-	ABSENT	-
NCIT:C172134	Bevacizumab/Olaparib Regimen	-	ABSENT	-
NCIT:C1723	Cetuximab	-	PRESENT_NO_EVIDENCE	BRAF V600E-Mutant Colorectal Cancer; HPV-Negative Head and Neck Cancer; Metastatic Colorectal Cancer; Oral Cavity Squamous Cell Carcinoma; Penile Cancer
NCIT:C172746	Obecabtagene Autoleucel	-	ABSENT	-
NCIT:C1728	Celecoxib	CHEBI:41423	PRESENT_NO_EVIDENCE	Classic Familial Adenomatous Polyposis; Peutz-Jeghers polyp; Peutz-Jeghers syndrome
NCIT:C173055	Tozinameran	-	ABSENT	-
NCIT:C173339	Hyaluronidase-zzxf/Pertuzumab/Trastuzumab	-	ABSENT	-
NCIT:C1736	Aminobenzoate Potassium	-	ABSENT	-
NCIT:C173743	Casirivimab/Imdevimab	-	ABSENT	-
NCIT:C1739	Vincristine Sulfate	-	ABSENT	-
NCIT:C174588	Nirogacestat Hydrobromide	-	ABSENT	-
NCIT:C174704	Oliceridine	-	ABSENT	-
NCIT:C175056	Belumosudil Mesylate	-	ABSENT	-
NCIT:C175088	Infigratinib Phosphate	-	ABSENT	-
NCIT:C175834	Pafolacianine	-	ABSENT	-
NCIT:C175858	Tarlatamab	-	ABSENT	-
NCIT:C175876	Vimseltinib	-	ABSENT	-
NCIT:C1762	Raloxifene Hydrochloride	CHEBI:50740	ABSENT	-
NCIT:C177059	Sotrovimab	-	ABSENT	-
NCIT:C1777	Plerixafor	-	ABSENT	-
NCIT:C1784	Oregovomab	-	ABSENT	-
NCIT:C1789	Infliximab	-	PRESENT_NO_EVIDENCE	Collagenous Sprue; Hermansky-Pudlak Syndrome; Kawasaki Disease; Melkersson-Rosenthal syndrome; Neurosarcoidosis; Pars Planitis
NCIT:C1794	Capecitabine	CHEBI:31348	PRESENT_NO_EVIDENCE	Gastroenteropancreatic Neuroendocrine Neoplasm; Metastatic Gastric Cancer; Non-functional Pancreatic Neuroendocrine Tumor; Postcricoid Region Cancer
NCIT:C1796	Vorinostat	-	PRESENT_WITH_EVIDENCE	Mycosis Fungoides
NCIT:C1803	Soy Protein Isolate	-	ABSENT	-
NCIT:C1806	Gemtuzumab Ozogamicin	-	PRESENT_WITH_EVIDENCE	Acute Myeloid Leukemia, Core Binding Factor
NCIT:C1812	Yttrium Y-90 Ibritumomab Tiuxetan	-	ABSENT	-
NCIT:C1818	Ursodiol	CHEBI:9907	PRESENT_NO_EVIDENCE	Hepatic Fibrinogen Storage Disease
NCIT:C181916	Mobocertinib Succinate	-	ABSENT	-
NCIT:C1820	Mitomycin	CHEBI:27504	PRESENT_NO_EVIDENCE	Anal Canal Carcinoma
NCIT:C1823	Interferon Beta-1A	-	ABSENT	-
NCIT:C18296	Pancreatic Enzyme	-	ABSENT	-
NCIT:C1832	Rofecoxib	CHEBI:8887	ABSENT	-
NCIT:C1837	Paroxetine Hydrochloride	-	ABSENT	-
NCIT:C1841	Iodine I-125	-	ABSENT	-
NCIT:C1844	Temsirolimus	-	ABSENT	-
NCIT:C1845	Peginterferon Alfa-2b	CHEBI:63615	ABSENT	-
NCIT:C1848	Suramin Sodium	-	ABSENT	-
NCIT:C184955	Regorafenib	-	ABSENT	-
NCIT:C1851	Bortezomib	CHEBI:52717	PRESENT_NO_EVIDENCE	Plasma Cell Neoplasm
NCIT:C185187	Sevabertinib	-	ABSENT	-
NCIT:C1854	Pegfilgrastim	-	ABSENT	-
NCIT:C1855	Gefitinib	CHEBI:49668	PRESENT_WITH_EVIDENCE	EGFR-Mutant Non-Small Cell Lung Cancer
NCIT:C1857	Panitumumab	-	ABSENT	-
NCIT:C185891	Pacritinib Citrate	-	ABSENT	-
NCIT:C186395	Lenacapavir Sodium	-	ABSENT	-
NCIT:C186400	Imlunestrant Tosylate	-	ABSENT	-
NCIT:C186440	Nivolumab/Relatlimab-rmbw	-	ABSENT	-
NCIT:C186575	Testosterone Nasal Gel	-	ABSENT	-
NCIT:C1869	Valdecoxib	CHEBI:63634	ABSENT	-
NCIT:C1872	Midostaurin	CHEBI:63452	PRESENT_NO_EVIDENCE	Acute Myeloid Leukemia, FLT3-Mutated; Systemic Mastocytosis
NCIT:C1878	Darbepoetin Alfa	-	ABSENT	-
NCIT:C188465	Taletrectinib Adipate	-	PRESENT_WITH_EVIDENCE	ROS1-Rearranged Non-Small Cell Lung Cancer
NCIT:C1887	Epratuzumab	-	ABSENT	-
NCIT:C190727	Leuprolide Mesylate	-	ABSENT	-
NCIT:C191876	Abiraterone Acetate/Niraparib	-	ABSENT	-
NCIT:C192	Mesna	-	ABSENT	-
NCIT:C192097	Amivantamab and Recombinant Human Hyaluronidase	-	ABSENT	-
NCIT:C195	Mercaptopurine	CHEBI:31822	ABSENT	-
NCIT:C1952	Recombinant Interferon Alfa-2a	-	ABSENT	-
NCIT:C199022	Zongertinib	-	ABSENT	-
NCIT:C200	Acetylcysteine	CHEBI:28939	PRESENT_NO_EVIDENCE	Acetaminophen Hepatotoxicity; Transaldolase Deficiency
NCIT:C200181	Berahyaluronidase Alfa and Pembrolizumab	-	ABSENT	-
NCIT:C2015	Abarelix	CHEBI:337298	ABSENT	-
NCIT:C201879	Daratumumab and Hyaluronidase/Dexamethasone/Lenalidomide Regimen	-	ABSENT	-
NCIT:C2039	Bevacizumab	-	PRESENT_NO_EVIDENCE	Acoustic Neuroma; Adult-Onset Foveomacular Vitelliform Dystrophy; Central Retinal Artery Occlusion; Familial Exudative Vitreoretinopathy; Glioblastoma, IDH-Wildtype; Hepatocellular Carcinoma; Hereditary Hemorrhagic Telangiectasia; Malignant Peritoneal Mesothelioma; Metastatic Hepatocellular Carcinoma; North Carolina Macular Dystrophy; Ovarian High-Grade Serous Carcinoma; Pseudoxanthoma Elasticum; Retinopathy of Prematurity; Schwannoma
NCIT:C204141	Dordaviprone Hydrochloride	-	ABSENT	-
NCIT:C204149	Revumenib Citrate	-	ABSENT	-
NCIT:C205507	Nogapendekin Alfa Inbakicept	-	ABSENT	-
NCIT:C2068	MGV Vaccine	-	ABSENT	-
NCIT:C211	Therapeutic Corticosteroid	-	PRESENT_NO_EVIDENCE	Neurosarcoidosis; X-linked cerebral adrenoleukodystrophy
NCIT:C2194	Sorafenib Tosylate	CHEBI:50928	ABSENT	-
NCIT:C2213	Liposomal Daunorubicin Citrate	-	ABSENT	-
NCIT:C2220	Interferon Alfa-N1	-	ABSENT	-
NCIT:C224852	Daratumumab and Hyaluronidase/Teclistamab Regimen	-	ABSENT	-
NCIT:C225	Recombinant Interferon Alfa	-	PRESENT_NO_EVIDENCE	Congenital Dyserythropoietic Anemia
NCIT:C226	Eflornithine	CHEBI:41948	PRESENT_NO_EVIDENCE	Classic Familial Adenomatous Polyposis
NCIT:C2265	Prasterone	CHEBI:28689	ABSENT	-
NCIT:C228	Aluminum Sulfate Anhydrous	-	ABSENT	-
NCIT:C2295	Estradiol	CHEBI:16469	ABSENT	-
NCIT:C2327	Niacinamide	CHEBI:17154	PRESENT_NO_EVIDENCE	Hartnup Disease; Lipoyl Transferase 1 Deficiency
NCIT:C2351	Hyperbaric Oxygen	-	ABSENT	-
NCIT:C236	Amiodarone Hydrochloride	-	ABSENT	-
NCIT:C2379	Uridine Triacetate	-	ABSENT	-
NCIT:C2381	Etanercept	-	PRESENT_NO_EVIDENCE	Deficiency of Adenosine Deaminase 2; Juvenile Idiopathic Arthritis
NCIT:C2388	Liposomal Cytarabine	-	ABSENT	-
NCIT:C2403	Human Papillomavirus Tumor Antigen Vaccine	-	ABSENT	-
NCIT:C2404	Rasburicase	-	PRESENT_NO_EVIDENCE	Burkitt Lymphoma
NCIT:C2413	Recombinant Leukocyte Interleukin	-	ABSENT	-
NCIT:C2423	Recombinant Adenovirus-p53 SCH-58500	-	ABSENT	-
NCIT:C2444	Iodine I 131 Tositumomab	-	ABSENT	-
NCIT:C2455	Palifermin	-	ABSENT	-
NCIT:C247	ACE Inhibitor	CHEBI:35457	PRESENT_NO_EVIDENCE	Duchenne Muscular Dystrophy
NCIT:C2487	Carmustine Implant	-	ABSENT	-
NCIT:C2491	Pegylated Interferon Alfa	-	ABSENT	-
NCIT:C2543	Tositumomab	-	ABSENT	-
NCIT:C2550	Palladium Pd-103	-	ABSENT	-
NCIT:C257	Nonsteroidal Antiinflammatory Drug	CHEBI:35475	PRESENT_NO_EVIDENCE	Ankylosing Spondylitis; Multiple Epiphyseal Dysplasia
NCIT:C2575	Fat Emulsion	-	ABSENT	-
NCIT:C25758	Human Papillomavirus 16 E7 Peptide	-	ABSENT	-
NCIT:C2579	Indium In-111 Ibritumomab Tiuxetan	-	ABSENT	-
NCIT:C2583	Rosiglitazone Maleate	CHEBI:8892	ABSENT	-
NCIT:C2586	Psoralen	CHEBI:27616	ABSENT	-
NCIT:C2588	Gadopentetate Dimeglumine	CHEBI:31797	ABSENT	-
NCIT:C2595	Candida Albicans Skin Test Reagent	-	ABSENT	-
NCIT:C2603	Donepezil Hydrochloride	CHEBI:4696	ABSENT	-
NCIT:C2629	Valganciclovir	CHEBI:63635	PRESENT_WITH_EVIDENCE	Cytomegalovirus Retinitis
NCIT:C2634	Digitoxin	CHEBI:28544	ABSENT	-
NCIT:C2639	Taurolidine	-	ABSENT	-
NCIT:C2643	Trivalent Influenza Vaccine	-	ABSENT	-
NCIT:C26444	Golnerminogene Pradenovec	-	ABSENT	-
NCIT:C2645	Doxercalciferol	-	ABSENT	-
NCIT:C2654	Ipilimumab	-	PRESENT_NO_EVIDENCE	Uveal Melanoma
NCIT:C2656	Halofuginone Hydrobromide	-	ABSENT	-
NCIT:C2660	Tetanus Toxoid Vaccine	-	ABSENT	-
NCIT:C26638	Clofarabine	CHEBI:681569	ABSENT	-
NCIT:C26639	Epoetin Beta	-	ABSENT	-
NCIT:C2664	Fibrin Sealant	-	ABSENT	-
NCIT:C26641	Buspirone Hydrochloride	CHEBI:3224	ABSENT	-
NCIT:C26642	Dexmethylphenidate	-	ABSENT	-
NCIT:C26643	Dextroamphetamine-Amphetamine	-	ABSENT	-
NCIT:C26644	Eribulin Mesylate	-	ABSENT	-
NCIT:C26656	Juven	-	ABSENT	-
NCIT:C26657	Levocarnitine	CHEBI:16347	PRESENT_NO_EVIDENCE	Inborn Disorder of Cobalamin Metabolism and Transport; L-2-Hydroxyglutaric Aciduria; Sengers syndrome
NCIT:C26661	Modafinil	-	ABSENT	-
NCIT:C26667	Zileuton	CHEBI:10112	ABSENT	-
NCIT:C26670	Sildenafil Citrate	CHEBI:58987	ABSENT	-
NCIT:C26671	Silymarin	-	ABSENT	-
NCIT:C26673	Sunitinib Malate	-	ABSENT	-
NCIT:C2668	Lenalidomide	CHEBI:63791	PRESENT_NO_EVIDENCE	Follicular Lymphoma; Myelodysplastic Syndrome; POEMS Syndrome; Plasma Cell Neoplasm
NCIT:C2673	Clopidogrel Bisulfate	CHEBI:3759	ABSENT	-
NCIT:C2688	Nab-paclitaxel	-	ABSENT	-
NCIT:C2693	Erlotinib Hydrochloride	CHEBI:53509	ABSENT	-
NCIT:C2695	Epoetin Alfa	-	ABSENT	-
NCIT:C2702	Vincristine Sulfate Liposome	-	ABSENT	-
NCIT:C2733	Nimotuzumab	-	ABSENT	-
NCIT:C2737	Vandetanib	CHEBI:49960	PRESENT_WITH_EVIDENCE	Medullary Thyroid Carcinoma
NCIT:C278	Anti-Thymocyte Globulin	-	ABSENT	-
NCIT:C2814	Tetanus Toxoid Aluminum Phosphate Adsorbed Vaccine	-	ABSENT	-
NCIT:C2828	Topotecan Hydrochloride	-	ABSENT	-
NCIT:C285	Ascorbic Acid	CHEBI:29073	PRESENT_NO_EVIDENCE	Acne Vulgaris
NCIT:C28515	Glutamic Acid Hydrochloride	-	ABSENT	-
NCIT:C286	Asparaginase	-	ABSENT	-
NCIT:C287	Aspirin	CHEBI:15365	PRESENT_NO_EVIDENCE	Anterior Spinal Artery Syndrome; Antiphospholipid Syndrome; Carotid web; Central Retinal Artery Occlusion; Cervical Artery Dissection; Essential Thrombocythemia; Fibromuscular Dysplasia; Giant Cell Arteritis; Lynch Syndrome; Neuropsychiatric Systemic Lupus Erythematosus; Polycythemia Vera; Postinfectious Vasculitis; Preeclampsia; Susac Syndrome; Vertebral Artery Insufficiency
NCIT:C288	Azacitidine	CHEBI:2038	PRESENT_NO_EVIDENCE	Chronic Myelomonocytic Leukemia; Juvenile Myelomonocytic Leukemia; Myelodysplastic Syndrome
NCIT:C28811	Adefovir Dipivoxil	-	ABSENT	-
NCIT:C28816	Alprostadil	CHEBI:15544	PRESENT_NO_EVIDENCE	Dextro-Transposition of the Great Arteries; Sneddon syndrome
NCIT:C28818	Amantadine Hydrochloride	CHEBI:2619	ABSENT	-
NCIT:C28858	Baclofen	CHEBI:2972	PRESENT_NO_EVIDENCE	BLOC1S1-related Complex Neurodevelopmental Disorder with Leukodystrophy; Hereditary Spastic Paraplegia; Lesch-Nyhan Syndrome; Stiff Person Syndrome
NCIT:C28920	Cetirizine Hydrochloride	-	ABSENT	-
NCIT:C28934	Clobetasol Propionate	CHEBI:31414	ABSENT	-
NCIT:C28941	Cosyntropin	CHEBI:3901	ABSENT	-
NCIT:C28947	Cyclobenzaprine	CHEBI:3996	ABSENT	-
NCIT:C28949	Cyproheptadine Hydrochloride	CHEBI:650917	ABSENT	-
NCIT:C28989	Adapalene	CHEBI:31174	PRESENT_NO_EVIDENCE	Acne Vulgaris
NCIT:C29056	Fluocinonide	-	ABSENT	-
NCIT:C29249	Mesalamine	CHEBI:6775	ABSENT	-
NCIT:C29268	Mometasone Furoate	CHEBI:47564	ABSENT	-
NCIT:C29291	Nisoldipine	-	ABSENT	-
NCIT:C29294	Nitroglycerin	CHEBI:28787	ABSENT	-
NCIT:C29306	Oxandrolone	CHEBI:7820	ABSENT	-
NCIT:C29345	Pancrelipase	-	PRESENT_NO_EVIDENCE	COX4I2-Related Pancreatic Insufficiency-Anemia-Hyperostosis Syndrome; Pancreatic Agenesis
NCIT:C29385	Propoxyphene Hydrochloride	CHEBI:8498	ABSENT	-
NCIT:C29406	Rifamycin	CHEBI:26580	ABSENT	-
NCIT:C29451	Sertraline Hydrochloride	CHEBI:9124	ABSENT	-
NCIT:C29486	Tamsulosin Hydrochloride	CHEBI:9399	ABSENT	-
NCIT:C29487	Tazarotene	CHEBI:32184	ABSENT	-
NCIT:C29499	Thrombin Alfa	-	ABSENT	-
NCIT:C29536	Valproic Acid	CHEBI:39867	PRESENT_NO_EVIDENCE	ADGRG1-related Bilateral Frontoparietal Polymicrogyria; Angelman Syndrome; Generalized Epilepsy with Febrile Seizures Plus; Jeavons Syndrome; Lissencephaly Spectrum Disorders; Miller-Dieker Lissencephaly Syndrome; Mowat-Wilson syndrome; Pentanucleotide Repeat Familial Adult Myoclonus Epilepsy; Sensory Ataxic Neuropathy, Dysarthria, and Ophthalmoparesis; Wolf-Hirschhorn_Syndrome
NCIT:C298	BCG Vaccine	-	PRESENT_NO_EVIDENCE	Transitional Cell Carcinoma
NCIT:C299	Beclomethasone Dipropionate	CHEBI:3002	ABSENT	-
NCIT:C312	Bleomycin Sulfate	CHEBI:34582	ABSENT	-
NCIT:C317	Bromocriptine Mesylate	CHEBI:3182	ABSENT	-
NCIT:C320	Buserelin	-	ABSENT	-
NCIT:C321	Busulfan	CHEBI:28901	ABSENT	-
NCIT:C325	CA-125 Antigen	-	ABSENT	-
NCIT:C330	Calcitriol	CHEBI:17823	PRESENT_NO_EVIDENCE	CKD-Mineral Bone Disorder; Fanconi Renotubular Syndrome; Fibrous Dysplasia; Pseudohypoparathyroidism; X-Linked Hypophosphatemia
NCIT:C332	Calcium Carbonate	CHEBI:3311	PRESENT_NO_EVIDENCE	CKD-Mineral Bone Disorder
NCIT:C336	Calcium Gluconate	-	ABSENT	-
NCIT:C33987	Peginterferon Alfa-2a	-	ABSENT	-
NCIT:C340	Captopril	CHEBI:3380	PRESENT_NO_EVIDENCE	Sengers syndrome; Sneddon syndrome
NCIT:C341	Carbamazepine	CHEBI:3387	PRESENT_NO_EVIDENCE	Akinetopsia; Benign Familial Infantile Epilepsy; Benign Neonatal Seizures; Episodic Ataxia; Familial Sleep-Related Hypermotor Epilepsy; Hepatic Fibrinogen Storage Disease; Temple-Baraitser Syndrome; Thomsen and Becker disease
NCIT:C349	Carmustine	CHEBI:3423	ABSENT	-
NCIT:C362	Chlorambucil	CHEBI:28830	ABSENT	-
NCIT:C374	Cimetidine	CHEBI:3699	ABSENT	-
NCIT:C37452	Ixabepilone	CHEBI:63605	ABSENT	-
NCIT:C37453	Efaproxiral	-	ABSENT	-
NCIT:C375	Ciprofloxacin	CHEBI:100241	PRESENT_NO_EVIDENCE	Traveler's Diarrhea; Tularemia
NCIT:C376	Cisplatin	CHEBI:27899	PRESENT_NO_EVIDENCE	Central Nervous System Teratoma; Cervical Adenocarcinoma; Cervical Cancer; Esophageal Carcinoma; Esophageal Squamous Cell Carcinoma; FGFR-Altered Cholangiocarcinoma; Gallbladder Cancer; HPV-Negative Head and Neck Cancer; HPV-Positive Head and Neck Cancer; Hepatoblastoma; IDH-Mutant Cholangiocarcinoma; Malignant Mesothelioma; Malignant Non-Dysgerminomatous Germ Cell Tumor Of Ovary; Malignant Peritoneal Mesothelioma; Medulloblastoma; Nasopharyngeal Carcinoma; Neuroblastoma; Oral Cavity Squamous Cell Carcinoma; Osteosarcoma; Postcricoid Region Cancer; Testicular Seminoma; Thymoma; Transitional Cell Carcinoma; Urinary Bladder Small Cell Neuroendocrine Carcinoma; Yolk Sac Tumor
NCIT:C37899	Tanespimycin	CHEBI:64153	ABSENT	-
NCIT:C38141	Pneumococcal 7-Valent Conjugate Vaccine	-	ABSENT	-
NCIT:C38679	Yttrium Y 90 Glass Microspheres	-	ABSENT	-
NCIT:C38685	Siplizumab	-	ABSENT	-
NCIT:C38690	Muparfostat	-	ABSENT	-
NCIT:C38691	Phentolamine Mesylate	-	ABSENT	-
NCIT:C38693	Paricalcitol	CHEBI:7931	PRESENT_NO_EVIDENCE	CKD-Mineral Bone Disorder
NCIT:C38696	Moxifloxacin Hydrochloride	CHEBI:7008	ABSENT	-
NCIT:C38703	Lamotrigine	CHEBI:6367	PRESENT_NO_EVIDENCE	Angelman Syndrome; Lissencephaly Spectrum Disorders; Miller-Dieker Lissencephaly Syndrome; Thomsen and Becker disease; Visual Snow Syndrome; Wiedemann-Steiner Syndrome
NCIT:C38705	Absorbable Gelatin Sponge	-	ABSENT	-
NCIT:C38709	Deslorelin	-	ABSENT	-
NCIT:C38712	Carbon-11 Acetate	-	ABSENT	-
NCIT:C38713	Dasatinib	-	ABSENT	-
NCIT:C38716	Anidulafungin	CHEBI:55346	ABSENT	-
NCIT:C38717	Anakinra	-	PRESENT_NO_EVIDENCE	Adult-Onset Still Disease; CINCA Syndrome; Juvenile Idiopathic Arthritis; Kawasaki Disease; Wissler syndrome
NCIT:C38726	Synthetic Human Papillomavirus 16 E6 Peptide	-	ABSENT	-
NCIT:C395	Therapeutic Cortisone	CHEBI:16962	ABSENT	-
NCIT:C405	Cyclophosphamide	CHEBI:4026	PRESENT_NO_EVIDENCE	Alveolar Rhabdomyosarcoma; Desmoplastic Small Round Cell Tumor; Neuroblastoma
NCIT:C406	Cyclosporine	CHEBI:4031	PRESENT_NO_EVIDENCE	Autoimmune Polyendocrine Syndrome Type 1; Cogan Syndrome; Focal Segmental Glomerulosclerosis; Hemophagocytic Lymphohistiocytosis; Kawasaki Disease; Minimal Change Disease; Pars Planitis; Rosacea; Satoyoshi Syndrome; Ullrich congenital muscular dystrophy; Vogt-Koyanagi-Harada Disease
NCIT:C408	Cytarabine	CHEBI:28680	PRESENT_NO_EVIDENCE	Acute Megakaryoblastic Leukemia; Acute Myeloid Leukemia with CEBPA Somatic Mutations; Langerhans Cell Histiocytosis
NCIT:C411	Dacarbazine	CHEBI:4305	PRESENT_NO_EVIDENCE	Classic Hodgkin Lymphoma
NCIT:C412	Dactinomycin	CHEBI:27666	PRESENT_NO_EVIDENCE	Alveolar Rhabdomyosarcoma; Embryonal Rhabdomyosarcoma; Gestational Trophoblastic Neoplasm; Pleuropulmonary Blastoma; Sarcoma Of Cervix Uteri; Wilms Tumor
NCIT:C415	Dapsone	CHEBI:4325	PRESENT_NO_EVIDENCE	Allergic Cutaneous Vasculitis; Leprosy; Wissler syndrome
NCIT:C422	Dexamethasone	CHEBI:41879	PRESENT_NO_EVIDENCE	Acute Promyelocytic Leukemia, PML-RARA; Bacterial meningitis; COVID-19; Cortisone Reductase Deficiency; Familial hyperaldosteronism type I; Hemophagocytic Lymphohistiocytosis; Labyrinthitis; familial hyperaldosteronism
NCIT:C428	Diazoxide	CHEBI:4495	PRESENT_NO_EVIDENCE	Beckwith-Wiedemann Syndrome; Congenital Isolated Hyperinsulinism; Kabuki Syndrome
NCIT:C433	Diethylstilbestrol	CHEBI:41922	ABSENT	-
NCIT:C436	Hydromorphone Hydrochloride	CHEBI:5791	ABSENT	-
NCIT:C474	Epirubicin Hydrochloride	-	ABSENT	-
NCIT:C47403	Aripiprazole	CHEBI:31236	PRESENT_NO_EVIDENCE	Conduct Disorder; Kufor-Rakeb syndrome; Obsessive-Compulsive Disorder; Tourette Syndrome
NCIT:C47408	Azelastine Hydrochloride	CHEBI:2951	ABSENT	-
NCIT:C47409	Balsalazide Disodium	CHEBI:59164	ABSENT	-
NCIT:C47414	Bimatoprost	CHEBI:51230	ABSENT	-
NCIT:C47518	Escitalopram Oxalate	-	ABSENT	-
NCIT:C47581	Levetiracetam	CHEBI:6437	PRESENT_NO_EVIDENCE	ADGRG1-related Bilateral Frontoparietal Polymicrogyria; Angelman Syndrome; EML1-related Ribbon-like Subcortical Heterotopia; Generalized Epilepsy with Febrile Seizures Plus; Jeavons Syndrome; Mowat-Wilson syndrome; Pentanucleotide Repeat Familial Adult Myoclonus Epilepsy; Sialidosis type 1; Wolf-Hirschhorn_Syndrome
NCIT:C47650	Palonosetron Hydrochloride	-	ABSENT	-
NCIT:C47700	Quetiapine Fumarate	CHEBI:8708	ABSENT	-
NCIT:C47707	Rivastigmine Tartrate	CHEBI:64358	ABSENT	-
NCIT:C47743	Tadalafil	-	ABSENT	-
NCIT:C47766	Travoprost	CHEBI:746859	ABSENT	-
NCIT:C479	Estramustine	CHEBI:4868	ABSENT	-
NCIT:C47983	Diclofenac Potassium	CHEBI:4508	ABSENT	-
NCIT:C47984	Diclofenac Sodium	CHEBI:4509	ABSENT	-
NCIT:C47994	Fentanyl Citrate	CHEBI:31602	ABSENT	-
NCIT:C48007	Ondansetron Hydrochloride	-	ABSENT	-
NCIT:C48010	Oxycodone Hydrochloride	CHEBI:7859	ABSENT	-
NCIT:C48027	Triamcinolone Acetonide	-	ABSENT	-
NCIT:C482	Estrogens, Conjugated	-	ABSENT	-
NCIT:C48375	Nilotinib	CHEBI:52172	PRESENT_NO_EVIDENCE	Chronic Myeloid Leukemia, BCR-ABL1 Positive; KIT Mutant Melanoma
NCIT:C48382	Bardoxolone	-	ABSENT	-
NCIT:C48385	Degarelix	-	ABSENT	-
NCIT:C48386	Eculizumab	-	PRESENT_NO_EVIDENCE	Atypical Hemolytic Uremic Syndrome; Guillain-Barre Syndrome; Malignant Atrophic Papulosis; Neuromyelitis Optica; Neuromyelitis Optica Spectrum Disorder; Neuromyelitis Optica Spectrum Disorder with Anti-AQP4 Antibodies; Optic Neuritis
NCIT:C48387	Everolimus	-	ABSENT	-
NCIT:C48406	Veltuzumab	-	ABSENT	-
NCIT:C486	Ethinyl Estradiol	CHEBI:4903	ABSENT	-
NCIT:C48636	Lenvatinib Mesylate	-	ABSENT	-
NCIT:C487	Ethiodized Oil	-	ABSENT	-
NCIT:C488	Amifostine	-	ABSENT	-
NCIT:C48812	Belinostat	CHEBI:61076	ABSENT	-
NCIT:C49085	Tremelimumab	-	PRESENT_NO_EVIDENCE	Hepatocellular Carcinoma
NCIT:C49094	Neratinib	CHEBI:61397	PRESENT_NO_EVIDENCE	HER2-Positive Breast Cancer
NCIT:C491	Etoposide	CHEBI:4911	PRESENT_NO_EVIDENCE	Central Nervous System Teratoma; Choroid Plexus Carcinoma; Desmoplastic Small Round Cell Tumor; Ewing Sarcoma; Gastroenteropancreatic Neuroendocrine Neoplasm; Gestational Trophoblastic Neoplasm; Hemophagocytic Lymphohistiocytosis; Malignant Non-Dysgerminomatous Germ Cell Tumor Of Ovary; Neuroblastoma; Pineoblastoma; Retinoblastoma; Testicular Seminoma; Urinary Bladder Small Cell Neuroendocrine Carcinoma; Yolk Sac Tumor
NCIT:C49176	Palbociclib	-	ABSENT	-
NCIT:C49234	Lenograstim	-	ABSENT	-
NCIT:C493	Omega-3 Fatty Acid	CHEBI:25681	PRESENT_NO_EVIDENCE	Hyperlipidemia
NCIT:C495	Recombinant Interferon Beta	-	ABSENT	-
NCIT:C500	Fluconazole	CHEBI:46081	PRESENT_NO_EVIDENCE	Autoimmune Polyendocrine Syndrome Type 1; Autoimmune Polyendocrinopathy; Coccidioidomycosis
NCIT:C504	Floxuridine	CHEBI:60761	ABSENT	-
NCIT:C505	Fluorouracil	CHEBI:46345	PRESENT_NO_EVIDENCE	Anal Canal Carcinoma; Basal Cell Carcinoma; Esophageal Carcinoma; Esophageal Squamous Cell Carcinoma
NCIT:C506	Fluoxetine	CHEBI:5118	PRESENT_NO_EVIDENCE	Bulimia Nervosa; Obsessive-Compulsive Disorder; Premenstrual Dysphoric Disorder
NCIT:C509	Flutamide	CHEBI:5132	ABSENT	-
NCIT:C517	Ganciclovir	CHEBI:465284	PRESENT_NO_EVIDENCE	Cytomegalovirus Retinitis
NCIT:C52183	Romiplostim	-	ABSENT	-
NCIT:C52195	Mirdametinib	-	ABSENT	-
NCIT:C52196	Carfilzomib	-	ABSENT	-
NCIT:C522	Glutamine	CHEBI:18050	ABSENT	-
NCIT:C53398	Dacomitinib	-	ABSENT	-
NCIT:C53447	Octreotide Acetate	-	ABSENT	-
NCIT:C539	Heparin	CHEBI:28304	PRESENT_NO_EVIDENCE	Antiphospholipid Syndrome; Budd-Chiari Syndrome; Livedoid vasculopathy; Neuropsychiatric Systemic Lupus Erythematosus; Sagittal Sinus Thrombosis
NCIT:C557	Hydroxychloroquine	-	ABSENT	-
NCIT:C560	Hydroxyurea	CHEBI:44423	PRESENT_NO_EVIDENCE	Beta Thalassemia; Chronic Myelomonocytic Leukemia; Essential Thrombocythemia; Myeloproliferative Neoplasm, Unclassifiable; Polycythemia Vera; Porphyria due to ALA Dehydratase Deficiency; Primary Myelofibrosis
NCIT:C562	Idarubicin	CHEBI:42068	ABSENT	-
NCIT:C564	Ifosfamide	CHEBI:5864	PRESENT_NO_EVIDENCE	Central Nervous System Teratoma; Desmoplastic Small Round Cell Tumor; Ewing Sarcoma; Liposarcoma; Malignant Peripheral Nerve Sheath Tumor; Pleuropulmonary Blastoma; Synovial Sarcoma
NCIT:C572	Immunoglobulin	-	ABSENT	-
NCIT:C576	Indomethacin	CHEBI:49662	PRESENT_NO_EVIDENCE	Bartter syndrome
NCIT:C583	Recombinant Interferon Gamma	-	ABSENT	-
NCIT:C587	Recombinant Interleukin-2	-	ABSENT	-
NCIT:C603	Isotretinoin	CHEBI:6067	PRESENT_NO_EVIDENCE	Acne Vulgaris; Autosomal Recessive Congenital Ichthyosis; Inherited Ichthyosis; Keratosis follicularis spinulosa decalvans; Neuroblastoma; Rosacea
NCIT:C605	Ketoconazole	CHEBI:47519	PRESENT_NO_EVIDENCE	Infantile Hypercalcemia; Primary Pigmented Nodular Adrenocortical Disease
NCIT:C607	Leucovorin Calcium	-	ABSENT	-
NCIT:C60810	Tinzaparin Sodium	-	ABSENT	-
NCIT:C610	Levamisole Hydrochloride	-	ABSENT	-
NCIT:C61084	Siltuximab	-	PRESENT_NO_EVIDENCE	Castleman Disease
NCIT:C61103	Noscapine Hydrochloride	-	ABSENT	-
NCIT:C61306	Amonafide L-Malate	-	ABSENT	-
NCIT:C61307	Oportuzumab Monatox	-	ABSENT	-
NCIT:C61313	Denosumab	-	PRESENT_NO_EVIDENCE	Fibrous Dysplasia; Osteoporosis; Parathyroid Hyperplasia; Plasma Cell Neoplasm
NCIT:C61314	Talimogene Laherparepvec	-	ABSENT	-
NCIT:C614	Lidocaine	CHEBI:6456	ABSENT	-
NCIT:C61500	Posaconazole	CHEBI:64355	ABSENT	-
NCIT:C61565	Bendamustine Hydrochloride	-	ABSENT	-
NCIT:C617	Lomustine	-	ABSENT	-
NCIT:C61702	Desonide	CHEBI:204734	ABSENT	-
NCIT:C61877	Pantoprazole Sodium	CHEBI:50270	ABSENT	-
NCIT:C61933	Rosuvastatin Calcium	-	ABSENT	-
NCIT:C620	Lovastatin	CHEBI:40303	ABSENT	-
NCIT:C62000	Zolpidem	CHEBI:10125	PRESENT_NO_EVIDENCE	X-linked Dystonia-Parkinsonism
NCIT:C62031	Granisetron	-	ABSENT	-
NCIT:C623	Magnesium Sulfate	-	ABSENT	-
NCIT:C62501	Eltrombopag Olamine	-	ABSENT	-
NCIT:C62510	Mogamulizumab	-	PRESENT_NO_EVIDENCE	Adult T-Cell Leukemia/Lymphoma; Mycosis Fungoides; Sezary Syndrome
NCIT:C62528	Blinatumomab	-	PRESENT_NO_EVIDENCE	Acute Lymphoblastic Leukemia; B-Lymphoblastic Leukemia/Lymphoma With Recurrent Genetic Abnormality
NCIT:C627	Mechlorethamine Hydrochloride	CHEBI:55368	ABSENT	-
NCIT:C629	Medroxyprogesterone	CHEBI:6715	ABSENT	-
NCIT:C630	Megestrol	CHEBI:6722	ABSENT	-
NCIT:C632	Therapeutic Melatonin	CHEBI:16796	PRESENT_NO_EVIDENCE	Smith-Magenis Syndrome
NCIT:C633	Melphalan	CHEBI:28876	PRESENT_NO_EVIDENCE	Retinoblastoma
NCIT:C63415	AC Regimen	-	ABSENT	-
NCIT:C63421	Cyclophosphamide/Epirubicin Regimen	-	ABSENT	-
NCIT:C63422	GT Regimen	-	ABSENT	-
NCIT:C63425	AC-T-T Regimen	-	ABSENT	-
NCIT:C63546	Fresolimumab	-	ABSENT	-
NCIT:C63596	CAPOX Regimen	-	ABSENT	-
NCIT:C63793	PEB Regimen	-	ABSENT	-
NCIT:C642	Methotrexate	CHEBI:44185	PRESENT_NO_EVIDENCE	Acute Lichenoid Pityriasis; Adult-Onset Still Disease; Blau Syndrome; Choroid Plexus Carcinoma; Cogan Syndrome; Dermatomyositis; Gestational Trophoblastic Neoplasm; Giant Cell Arteritis; Juvenile Idiopathic Arthritis; Neurosarcoidosis; Osteosarcoma; Panuveitis; Pars Planitis; Relapsing Polychondritis; Rheumatoid Vasculitis; Sarcoidosis; Satoyoshi Syndrome; Takayasu Arteritis
NCIT:C64260	Asparaginase Erwinia chrysanthemi	-	ABSENT	-
NCIT:C643	Methoxsalen	CHEBI:18358	ABSENT	-
NCIT:C644	Methylene Blue	CHEBI:6872	PRESENT_NO_EVIDENCE	Hereditary methemoglobinemia
NCIT:C64539	Yttrium Y 90 Resin Microspheres	-	ABSENT	-
NCIT:C646	Methylphenidate Hydrochloride	CHEBI:31836	ABSENT	-
NCIT:C647	Methylprednisolone	CHEBI:6888	PRESENT_NO_EVIDENCE	Central Retinal Artery Occlusion; Fibrocartilaginous Embolism; Hantavirus Pulmonary Syndrome
NCIT:C64768	Vemurafenib	CHEBI:63637	PRESENT_NO_EVIDENCE	Ameloblastoma; BRAF V600 Mutant Melanoma; Craniopharyngioma; Hairy Cell Leukemia; Langerhans Cell Histiocytosis
NCIT:C64769	Tagraxofusp-erzs	-	ABSENT	-
NCIT:C65216	Adalimumab	-	PRESENT_NO_EVIDENCE	Blau Syndrome; Deficiency of Adenosine Deaminase 2; Hidradenitis Suppurativa; Juvenile Idiopathic Arthritis; Neurosarcoidosis; Panuveitis; Pars Planitis; Vogt-Koyanagi-Harada Disease; Wissler syndrome
NCIT:C65221	Alglucosidase Alfa	-	ABSENT	-
NCIT:C65222	Aliskiren	CHEBI:601027	ABSENT	-
NCIT:C65240	Arformoterol Tartrate	-	ABSENT	-
NCIT:C65241	Armodafinil	-	ABSENT	-
NCIT:C65326	Ciclesonide	-	ABSENT	-
NCIT:C65470	Doripenem	-	ABSENT	-
NCIT:C65475	Doxepin	CHEBI:4710	ABSENT	-
NCIT:C65495	Duloxetine	CHEBI:36795	ABSENT	-
NCIT:C65517	Eplivanserin	-	ABSENT	-
NCIT:C65545	Eszopiclone	CHEBI:53760	ABSENT	-
NCIT:C65868	Hydroxocobalamin	CHEBI:27786	PRESENT_NO_EVIDENCE	Hereditary intrinsic factor deficiency; Inborn Disorder of Cobalamin Metabolism and Transport; Inborn Disorder of Methionine Cycle and Sulfur Amino Acid Metabolism; MMACHC-related Methylmalonic Aciduria and Homocystinuria, cblC Type
NCIT:C65883	Idursulfase	-	PRESENT_NO_EVIDENCE	Hunter syndrome
NCIT:C65896	Imiglucerase	-	ABSENT	-
NCIT:C65963	Iron Sucrose	-	ABSENT	-
NCIT:C66040	Lubiprostone	-	ABSENT	-
NCIT:C66221	Nebivolol	CHEBI:64022	ABSENT	-
NCIT:C66293	Paliperidone	-	ABSENT	-
NCIT:C663	Mitomycin Antineoplastic Antibiotic	CHEBI:25357	ABSENT	-
NCIT:C664	Mitotane	-	ABSENT	-
NCIT:C665	Mitoxantrone Hydrochloride	CHEBI:50727	ABSENT	-
NCIT:C66519	Rivastigmine	CHEBI:8874	ABSENT	-
NCIT:C66525	Sacrosidase	-	PRESENT_NO_EVIDENCE	Congenital Sucrase-Isomaltase Deficiency
NCIT:C66538	Sevelamer Hydrochloride	-	ABSENT	-
NCIT:C66584	Telbivudine	CHEBI:63624	ABSENT	-
NCIT:C66721	Levoleucovorin Calcium	-	ABSENT	-
NCIT:C66878	Lapatinib Ditosylate	-	ABSENT	-
NCIT:C66937	Cabazitaxel	CHEBI:63584	ABSENT	-
NCIT:C66944	Brentuximab Vedotin	-	PRESENT_NO_EVIDENCE	Anaplastic Large Cell Lymphoma; Classic Hodgkin Lymphoma; Mycosis Fungoides; Peripheral T-Cell Lymphoma; Primary Cutaneous Aggressive Epidermotropic CD8+ T-cell Lymphoma
NCIT:C66945	Dexrazoxane Hydrochloride	CHEBI:50224	ABSENT	-
NCIT:C66948	Panobinostat	-	ABSENT	-
NCIT:C66952	Ofatumumab	-	ABSENT	-
NCIT:C66979	Fidaxomicin	-	ABSENT	-
NCIT:C66982	Elotuzumab	-	ABSENT	-
NCIT:C67049	Kunecatechins Ointment	-	ABSENT	-
NCIT:C67082	Remestemcel-L	-	ABSENT	-
NCIT:C673	Mycophenolic Acid	CHEBI:168396	ABSENT	-
NCIT:C67504	Liposome-encapsulated Daunorubicin-Cytarabine	-	ABSENT	-
NCIT:C68814	Nivolumab	-	PRESENT_NO_EVIDENCE	BRAF V600 Mutant Melanoma; BRAF V600E-Mutant Colorectal Cancer; Classic Hodgkin Lymphoma; Esophageal Adenocarcinoma; Esophageal Carcinoma; Esophageal Squamous Cell Carcinoma; MSI-High Colorectal Cancer; Metastatic Melanoma; Metastatic Renal Cell Carcinoma; Paranasal Sinus Squamous Cell Carcinoma; Uveal Melanoma
NCIT:C68819	Moxetumomab Pasudotox	-	PRESENT_NO_EVIDENCE	Hairy Cell Leukemia
NCIT:C68845	Abiraterone Acetate	-	ABSENT	-
NCIT:C68923	Cobimetinib	-	ABSENT	-
NCIT:C69076	Rindopepimut	-	ABSENT	-
NCIT:C691	Nicotine	CHEBI:17688	ABSENT	-
NCIT:C69128	Fostamatinib Disodium	-	ABSENT	-
NCIT:C703	Norgestrel	CHEBI:7630	ABSENT	-
NCIT:C704	Nortriptyline Hydrochloride	-	ABSENT	-
NCIT:C70675	Gadobutrol	-	ABSENT	-
NCIT:C70741	Obinutuzumab	-	ABSENT	-
NCIT:C70792	Ramucirumab	-	PRESENT_NO_EVIDENCE	HER2-Positive Gastric Cancer
NCIT:C70980	Dornase Alfa Inhalation Solution	-	ABSENT	-
NCIT:C71011	Nadofaragene Firadenovec	-	ABSENT	-
NCIT:C711	Octreotide	CHEBI:7726	PRESENT_NO_EVIDENCE	Appendiceal Neuroendocrine Tumor; Congenital Isolated Hyperinsulinism; Gastroenteropancreatic Neuroendocrine Neoplasm; Solitary Fibrous Tumor
NCIT:C712	Ofloxacin	CHEBI:7731	ABSENT	-
NCIT:C71532	Lonaprisan	-	ABSENT	-
NCIT:C71542	Inotuzumab Ozogamicin	-	PRESENT_NO_EVIDENCE	Acute Lymphoblastic Leukemia; B-Lymphoblastic Leukemia/Lymphoma With Recurrent Genetic Abnormality
NCIT:C71721	Olaparib	-	PRESENT_NO_EVIDENCE	Ovarian High-Grade Serous Carcinoma
NCIT:C71744	Enzalutamide	-	PRESENT_NO_EVIDENCE	Prostate Adenocarcinoma
NCIT:C72560	Pomalidomide	-	ABSENT	-
NCIT:C726	Papaverine	CHEBI:28241	ABSENT	-
NCIT:C72705	Asenapine	-	ABSENT	-
NCIT:C72793	Ganaxolone	-	ABSENT	-
NCIT:C72814	Levocetirizine Dihydrochloride	-	ABSENT	-
NCIT:C72839	Ezogabine	-	ABSENT	-
NCIT:C72865	Tigecycline	CHEBI:149836	ABSENT	-
NCIT:C729	Penicillamine	CHEBI:7959	PRESENT_NO_EVIDENCE	Cystinuria
NCIT:C72986	Icosapent Ethyl	-	ABSENT	-
NCIT:C73030	Deferiprone	-	ABSENT	-
NCIT:C732	Pentostatin	-	ABSENT	-
NCIT:C73261	Bendamustine	-	ABSENT	-
NCIT:C73266	Droxidopa	-	ABSENT	-
NCIT:C739	Phenobarbital	CHEBI:8069	ABSENT	-
NCIT:C74007	Daratumumab	-	PRESENT_NO_EVIDENCE	AL Amyloidosis; Plasma Cell Neoplasm
NCIT:C74038	Vismodegib	-	ABSENT	-
NCIT:C74061	Crizotinib	CHEBI:64310	PRESENT_NO_EVIDENCE	ALK-Rearranged Non-Small Cell Lung Cancer; Anaplastic Large Cell Lymphoma; Inflammatory Myofibroblastic Tumor; MET Exon 14 Skipping Non-Small Cell Lung Cancer; ROS1-Rearranged Non-Small Cell Lung Cancer
NCIT:C74065	Sirolimus Albumin-bound Nanoparticles	-	PRESENT_NO_EVIDENCE	Perivascular Epithelioid Cell Neoplasm
NCIT:C74081	Testosterone Gel	-	ABSENT	-
NCIT:C74086	Udenafil	-	ABSENT	-
NCIT:C741	Phenytoin	CHEBI:8107	ABSENT	-
NCIT:C74118	Fospropofol Disodium	-	ABSENT	-
NCIT:C74207	Galsulfase	-	PRESENT_NO_EVIDENCE	Maroteaux-Lamy syndrome
NCIT:C74208	Alglucerase	-	ABSENT	-
NCIT:C74209	Agalsidase Alfa	-	ABSENT	-
NCIT:C75110	Azilsartan Medoxomil	-	ABSENT	-
NCIT:C75112	Fenfluramine Hydrochloride	CHEBI:59729	ABSENT	-
NCIT:C75154	Betrixaban	-	ABSENT	-
NCIT:C75167	Rufinamide	-	ABSENT	-
NCIT:C75186	Alogliptin Benzoate	-	ABSENT	-
NCIT:C75767	Dalteparin Sodium	-	ABSENT	-
NCIT:C76016	Ciluprevir	-	ABSENT	-
NCIT:C76071	Aleplasinin	-	ABSENT	-
NCIT:C76128	Abciximab	-	ABSENT	-
NCIT:C76404	Ticagrelor	-	ABSENT	-
NCIT:C76498	Nesbuvir	-	ABSENT	-
NCIT:C76662	Teriflunomide	-	ABSENT	-
NCIT:C76777	Dalfampridine	CHEBI:34385	PRESENT_NO_EVIDENCE	Episodic Ataxia
NCIT:C76884	Carglumic Acid	-	ABSENT	-
NCIT:C76890	Roflumilast	-	ABSENT	-
NCIT:C769	Prednisolone	CHEBI:8378	PRESENT_NO_EVIDENCE	Aortitis; Autoimmune Enteropathy; Dermatomyositis; Giant Cell Arteritis; IgA Vasculitis; Infantile Spasms; Labyrinthitis; Satoyoshi Syndrome
NCIT:C76929	Rilpivirine	-	ABSENT	-
NCIT:C770	Prednisone	CHEBI:8382	PRESENT_NO_EVIDENCE	Allergic Cutaneous Vasculitis; Anaplastic Large Cell Lymphoma; Autoimmune Autonomic Ganglionopathy; Bird Fancier's Lung; Cogan Syndrome; Diffuse Large B-Cell Lymphoma; Duchenne Muscular Dystrophy; Focal Segmental Glomerulosclerosis; Giant Cell Hepatitis With Autoimmune Hemolytic Anemia; Langerhans Cell Histiocytosis; Leprosy; Minimal Change Disease; Neurosarcoidosis; Pars Planitis; Pemphigus Vulgaris; Pulmonary Hemosiderosis; Rheumatoid Vasculitis; Satoyoshi Syndrome; Van Buchem Disease
NCIT:C77223	Linaclotide Acetate	-	ABSENT	-
NCIT:C773	Procarbazine Hydrochloride	-	ABSENT	-
NCIT:C774	Prochlorperazine	CHEBI:8435	ABSENT	-
NCIT:C77425	Tesamorelin	-	ABSENT	-
NCIT:C77431	Bepotastine	-	ABSENT	-
NCIT:C777	Therapeutic Progesterone	CHEBI:59826	ABSENT	-
NCIT:C77862	Natalizumab	-	PRESENT_NO_EVIDENCE	Susac Syndrome
NCIT:C77888	Ruxolitinib	-	ABSENT	-
NCIT:C77896	Tucatinib	-	PRESENT_NO_EVIDENCE	HER2-Positive Breast Cancer
NCIT:C77908	Trametinib	-	ABSENT	-
NCIT:C77995	Rivaroxaban	-	ABSENT	-
NCIT:C78021	Milnacipran	-	ABSENT	-
NCIT:C78198	Calaspargase Pegol	-	ABSENT	-
NCIT:C78204	Regorafenib Anhydrous	-	ABSENT	-
NCIT:C78460	Talactoferrin Alfa	-	ABSENT	-
NCIT:C78757	Latrepirdine	-	ABSENT	-
NCIT:C78758	Latrepirdine Dihydrochloride	-	ABSENT	-
NCIT:C78825	Idelalisib	-	ABSENT	-
NCIT:C79569	Bapineuzumab	-	ABSENT	-
NCIT:C79579	Gabapentin Enacarbil	-	ABSENT	-
NCIT:C79825	Olaratumab	-	ABSENT	-
NCIT:C80255	Belatacept	-	ABSENT	-
NCIT:C80443	Degarelix Acetate	-	ABSENT	-
NCIT:C80644	Ioflupane I-123	-	ABSENT	-
NCIT:C80824	Equine Thymocyte Immune Globulin	-	ABSENT	-
NCIT:C80833	Lapine T-Lymphocyte Immune Globulin	-	ABSENT	-
NCIT:C80837	Obeticholic Acid	-	ABSENT	-
NCIT:C80971	Canakinumab	-	PRESENT_NO_EVIDENCE	Adult-Onset Still Disease; CINCA Syndrome; Familial Cold Autoinflammatory Syndrome; Juvenile Idiopathic Arthritis; Wissler syndrome
NCIT:C81001	Linaclotide	-	ABSENT	-
NCIT:C81350	Larazotide	-	ABSENT	-
NCIT:C81603	Telaprevir	-	ABSENT	-
NCIT:C81615	Clobazam	CHEBI:31413	PRESENT_NO_EVIDENCE	Angelman Syndrome; Generalized Epilepsy with Febrile Seizures Plus
NCIT:C81640	Indacaterol Maleate	-	ABSENT	-
NCIT:C81664	Dornase Alfa	-	PRESENT_NO_EVIDENCE	Cystic Fibrosis
NCIT:C81934	Ibrutinib	-	ABSENT	-
NCIT:C81941	Telotristat Etiprate	-	ABSENT	-
NCIT:C82254	Maribavir	-	ABSENT	-
NCIT:C82344	Cold Contaminant-free Iobenguane I-131	-	ABSENT	-
NCIT:C82382	Lurbinectedin	-	ABSENT	-
NCIT:C82385	Sonidegib	-	ABSENT	-
NCIT:C82386	Dabrafenib	-	ABSENT	-
NCIT:C82398	Pixantrone Dimaleate	-	ABSENT	-
NCIT:C82492	Trastuzumab Emtansine	-	ABSENT	-
NCIT:C825	Selenium	CHEBI:36904	ABSENT	-
NCIT:C82623	Botulinum Toxin Type A	-	ABSENT	-
NCIT:C82653	Ixazomib Citrate	-	ABSENT	-
NCIT:C82676	Irinotecan Sucrosofate	-	ABSENT	-
NCIT:C831	Etidronate Disodium	-	ABSENT	-
NCIT:C834	Sodium Salicylate	-	ABSENT	-
NCIT:C83521	Afegostat Tartrate	-	ABSENT	-
NCIT:C83550	Bepotastine Besylate	-	ABSENT	-
NCIT:C83785	Imagabalin	-	ABSENT	-
NCIT:C83887	Linagliptin	-	ABSENT	-
NCIT:C83892	Lomitapide Mesylate	-	ABSENT	-
NCIT:C83996	Nelotanserin	-	ABSENT	-
NCIT:C84217	Tocilizumab	CHEBI:64360	PRESENT_NO_EVIDENCE	Adult-Onset Still Disease; Castleman Disease; Giant Cell Arteritis; Juvenile Idiopathic Arthritis; MOGAD; Relapsing Polychondritis; Wissler syndrome
NCIT:C845	Streptozocin	CHEBI:9288	ABSENT	-
NCIT:C84511	Imetelstat Sodium	-	ABSENT	-
NCIT:C84865	Binimetinib	-	ABSENT	-
NCIT:C850	Sulindac	CHEBI:9352	PRESENT_NO_EVIDENCE	Classic Familial Adenomatous Polyposis
NCIT:C853	Suramin	CHEBI:45906	ABSENT	-
NCIT:C854	Talc	-	ABSENT	-
NCIT:C85475	Zolbetuximab	-	PRESENT_NO_EVIDENCE	Metastatic Gastric Cancer
NCIT:C855	Tamoxifen Citrate	CHEBI:9397	ABSENT	-
NCIT:C856	Technetium Tc-99m Sulfur Colloid	-	ABSENT	-
NCIT:C862	Therapeutic Testosterone	CHEBI:17347	PRESENT_NO_EVIDENCE	46,XX testicular disorder of sex development; 46,XY disorder of sex development due to 17-beta-hydroxysteroid dehydrogenase 3 deficiency; Cerebellar Ataxia-Hypogonadism Syndrome; NR5A1-related sex development disorder; Partial androgen insensitivity syndrome
NCIT:C86915	Salmonella Serotype Choleraesuis	-	ABSENT	-
NCIT:C870	Thalidomide	CHEBI:9513	PRESENT_NO_EVIDENCE	Leprosy
NCIT:C87201	Pegzerepoetin Alfa	-	ABSENT	-
NCIT:C87372	Laropiprant	-	ABSENT	-
NCIT:C87373	Duvoglustat	-	ABSENT	-
NCIT:C87374	Duvoglustat Hydrochloride	-	ABSENT	-
NCIT:C87440	Balapiravir Hydrochloride	-	ABSENT	-
NCIT:C87453	Rimabotulinumtoxinb	-	ABSENT	-
NCIT:C875	Thiotepa	-	ABSENT	-
NCIT:C876	Thioguanine	-	ABSENT	-
NCIT:C87701	Ferumoxytol	CHEBI:46726	ABSENT	-
NCIT:C87728	Macitentan	-	ABSENT	-
NCIT:C87763	Efungumab	-	ABSENT	-
NCIT:C88281	Necitumumab	-	ABSENT	-
NCIT:C884	Recombinant Thyroglobulin	-	ABSENT	-
NCIT:C88580	Gantenerumab	-	ABSENT	-
NCIT:C88585	Solanezumab	-	ABSENT	-
NCIT:C88594	Benralizumab	-	ABSENT	-
NCIT:C88647	Teplizumab	-	ABSENT	-
NCIT:C900	Tretinoin	CHEBI:15367	PRESENT_NO_EVIDENCE	15q11q13 Microduplication Syndrome; Acute Promyelocytic Leukemia, PML-RARA
NCIT:C90613	Orvepitant	-	ABSENT	-
NCIT:C90633	Mirabegron	-	ABSENT	-
NCIT:C90717	Vilazodone Hydrochloride	-	ABSENT	-
NCIT:C909	Trimethoprim-Sulfamethoxazole	CHEBI:3770	ABSENT	-
NCIT:C91385	Belimumab	-	PRESENT_NO_EVIDENCE	Systemic Lupus Erythematosus
NCIT:C916	Coenzyme Q10	CHEBI:46245	PRESENT_NO_EVIDENCE	Autosomal Recessive Ataxia Due to Ubiquinone Deficiency; COX11-Related COX Deficiency; Primary Coenzyme Q10 Deficiency; Sengers syndrome
NCIT:C91733	Margetuximab	-	ABSENT	-
NCIT:C92574	Apalutamide	-	ABSENT	-
NCIT:C930	Vinblastine	CHEBI:27375	PRESENT_NO_EVIDENCE	Classic Hodgkin Lymphoma; Langerhans Cell Histiocytosis
NCIT:C933	Vincristine	CHEBI:28445	PRESENT_NO_EVIDENCE	Acute Lymphoblastic Leukemia; Alveolar Rhabdomyosarcoma; Anaplastic Large Cell Lymphoma; Choroid Plexus Carcinoma; Desmoplastic Small Round Cell Tumor; Diffuse Large B-Cell Lymphoma; Embryonal Rhabdomyosarcoma; Ewing Sarcoma; Gestational Trophoblastic Neoplasm; Medulloblastoma; Pilocytic Astrocytoma; Pleuropulmonary Blastoma; Retinoblastoma; Sarcoma Of Cervix Uteri; Wilms Tumor
NCIT:C938	Vitamin A Compound	CHEBI:17336	ABSENT	-
NCIT:C940	Vitamin B Complex	-	ABSENT	-
NCIT:C942	Vitamin E Compound	CHEBI:33234	PRESENT_NO_EVIDENCE	Lipoyl Transferase 1 Deficiency
NCIT:C94208	Tebentafusp	-	PRESENT_NO_EVIDENCE	Uveal Melanoma
NCIT:C94214	Alpelisib	-	ABSENT	-
NCIT:C945	Warfarin	CHEBI:10033	PRESENT_NO_EVIDENCE	Antiphospholipid Syndrome; Atrial Fibrillation; Budd-Chiari Syndrome; Cervical Artery Dissection; Neuropsychiatric Systemic Lupus Erythematosus
NCIT:C947	Zidovudine	CHEBI:10110	PRESENT_NO_EVIDENCE	Adult T-Cell Leukemia/Lymphoma
NCIT:C95020	Lutetium Lu 177 Dotatate	-	ABSENT	-
NCIT:C95124	Lenvatinib	-	ABSENT	-
NCIT:C95215	Eplivanserin Fumarate	-	ABSENT	-
NCIT:C95225	Selumetinib Sulfate	-	ABSENT	-
NCIT:C95229	Nilotinib Hydrochloride Monohydrate	-	ABSENT	-
NCIT:C9533	CAF Regimen	-	ABSENT	-
NCIT:C9549	CHOP Regimen	-	ABSENT	-
NCIT:C95605	Rifamycin Sodium	-	ABSENT	-
NCIT:C95701	Ribociclib	-	ABSENT	-
NCIT:C95768	Tafasitamab	-	ABSENT	-
NCIT:C9579	ADE Regimen	-	ABSENT	-
NCIT:C95790	Otelixizumab	-	ABSENT	-
NCIT:C95794	Rontalizumab	-	ABSENT	-
NCIT:C95797	Teprotumumab	-	PRESENT_NO_EVIDENCE	Graves' Disease
NCIT:C95798	Vedolizumab	-	ABSENT	-
NCIT:C960	Hydroxyprogesterone Caproate	-	ABSENT	-
NCIT:C961	Gemcitabine Hydrochloride	CHEBI:31647	ABSENT	-
NCIT:C964	Fludeoxyglucose F-18	CHEBI:49134	ABSENT	-
NCIT:C96526	Plovamer	-	ABSENT	-
NCIT:C96530	Plovamer Acetate	-	ABSENT	-
NCIT:C96748	Eribulin	CHEBI:63587	PRESENT_NO_EVIDENCE	Liposarcoma
NCIT:C970	Iobenguane I-131	-	ABSENT	-
NCIT:C97273	Afatinib Dimaleate	-	ABSENT	-
NCIT:C97660	Abemaciclib	-	ABSENT	-
NCIT:C97938	Cabozantinib S-malate	-	ABSENT	-
NCIT:C97941	Ponezumab	-	ABSENT	-
NCIT:C981	Decitabine	CHEBI:50131	PRESENT_NO_EVIDENCE	Chronic Myelomonocytic Leukemia; Myelodysplastic Syndrome
NCIT:C98283	Encorafenib	-	PRESENT_NO_EVIDENCE	BRAF V600 Mutant Melanoma; BRAF V600E-Mutant Colorectal Cancer; BRAF V600E-Mutant Non-Small Cell Lung Cancer; Metastatic Colorectal Cancer
NCIT:C985	Acitretin	CHEBI:50173	ABSENT	-
NCIT:C9874	CMF Regimen	-	ABSENT	-
NCIT:C98831	Brigatinib	-	ABSENT	-
NCIT:C98884	Icatibant Acetate	-	ABSENT	-
NCIT:C992	Monobenzone	CHEBI:34380	PRESENT_NO_EVIDENCE	Vitiligo
NCIT:C99225	Duvelisib	-	ABSENT	-
NCIT:C99763	Oral Aminolevulinic Acid Hydrochloride	-	ABSENT	-
