disorder,node_name,primary_kind,confidence,second_choice_kind,proposes_new_kind,split_suggestion,reasoning
APL_PML_RARA,PML-RARA Fusion Oncogene Formation,MOLECULAR,4,,,Split into: (1) t(15;17) chromosomal translocation creating the PML-RARA fusion protein; (2) Aberrant corepressor recruitment and altered subnuclear localization by the fusion protein,The primary subject is a molecular fusion protein with aberrant molecular activities; name and description bundle the chromosomal etiology (translocation/fusion formation) with the protein's downstream molecular properties.
APL_PML_RARA,Transcriptional Repression of Differentiation Genes,MOLECULAR,5,,,,PML-RARA binding RARE elements to recruit NCoR/SMRT/HDACs and silence granulocyte differentiation genes is a single coherent molecular mechanism; atomic.
APL_PML_RARA,PML Nuclear Body Disruption,CELLULAR,4,,,,Disruption of subnuclear PML bodies from punctate to microspeckled pattern is a cellular-scale organelle structural state in promyelocytes; downstream consequences are captured as separate nodes.
APL_PML_RARA,Impaired Tumor Suppression,CELLULAR,4,,,Split into: (1) Impaired p53-mediated cellular senescence; (2) Impaired apoptosis in leukemic promyelocytes,Describes two mechanistically distinct tumor suppressor programs (p53-senescence and apoptosis) bundled under one node; each is a distinct cellular process.
APL_PML_RARA,Promyelocyte Accumulation,TISSUE,3,CELLULAR,,Split into: (1) Promyelocyte differentiation arrest and marrow/blood accumulation; (2) Procoagulant factor release from azurophilic granules,Accumulation of an abnormal cell population in bone marrow is primarily a tissue-scale state; description bundles the accumulation state with granule-release activity that drives coagulopathy.
APL_PML_RARA,Coagulopathy,ORGANISM,4,,,Split into: (1) DIC from tissue factor and cancer procoagulant release by promyelocytes; (2) Hyperfibrinolysis from Annexin II-driven plasmin generation,DIC plus hyperfibrinolysis are two mechanistically distinct systemic coagulation pathways bundled under one node; each warrants its own entry.
APL_PML_RARA,Differentiation Syndrome Cytokine Storm,ORGANISM,4,,,,Cytokine-driven capillary leak causing multi-system manifestations is a single coordinated systemic mechanism; the listed symptoms are downstream consequences already captured by the Differentiation Syndrome target node.
Ayme-Gripp_Syndrome,Impaired GSK3-mediated MAF phosphorylation,MOLECULAR,5,,,,The substrate is a single protein phosphorylation event at conserved GSK3 motifs on MAF; entirely molecular scale with no ambiguity.
Ayme-Gripp_Syndrome,Stabilized MAF protein and dysregulated transcriptional programs,MOLECULAR,4,,,"""Split into: (1) Impaired MAF ubiquitination and proteasomal degradation (molecular state — failure of turnover); (2) Dysregulated MAF transcriptional programs (downstream molecular consequence — aberrant TF activity on target genes).""","Both stabilized protein state and transcriptional dysregulation are molecular-scale, but CELLULAR is a plausible second choice since transcriptional program disruption operates within cells."
Ayme-Gripp_Syndrome,"Multisystem developmental defects in lens, ear, brain, and growth",ORGANISM,3,TISSUE,,"Split into: (1) Lens developmental defect producing cataract; (2) Auditory system developmental defect producing sensorineural hearing loss; (3) Neurodevelopmental defect producing developmental delay, seizures, and brain morphology abnormalities; (4) Growth and skeletal developmental defect.","Node explicitly enumerates 4+ organ systems with no unifying sub-mechanism beyond dysregulated MAF dosage, placing it at ORGANISM scale as a multisystem syndromic state; however each downstream effect is individually a TISSUE-scale structural defect."
Blau_Syndrome,NOD2 Gain-of-Function Activation,MOLECULAR,3,TISSUE,,Split into: (1) NOD2 constitutive activation and NF-kB signaling (MOLECULAR); (2) non-caseating granuloma formation in affected tissues (TISSUE — already its own downstream node),The primary substrate is the NOD2 protein gaining aberrant constitutive kinase/signaling activity driving NF-kB transduction; confidence is 3 because the description bundles the molecular etiology with its tissue-scale consequence (granuloma formation).
Blau_Syndrome,Granulomatous Inflammation,TISSUE,3,ORGANISM,,Split into: (1) Granulomatous inflammation in synovial joints; (2) Granulomatous inflammation in uveal tract; (3) Granulomatous inflammation in dermis — each already has a dedicated downstream node and organ-specific description,Granuloma formation is a tissue-scale inflammatory process; confidence is 3 because the node bundles three distinct anatomical sites (joints/skin/uveal tract) each with their own dedicated downstream node rather than describing one unified tissue compartment.
Blau_Syndrome,Joint Destruction,TISSUE,4,,,,Granulomatous synovitis is a tissue-level process localized to synovial tissue; multiple joint sites (wrists/ankles/knees) all share the same granulomatous mechanism so no split is warranted — this is one process realized in one tissue type across anatomically similar structures.
Blau_Syndrome,Ocular Inflammation,TISSUE,3,,,Split into: (1) Granulomatous panuveitis (the primary inflammatory process); (2) downstream structural complications (cataracts/glaucoma/band keratopathy) — each complication is a separate tissue-state already listed as distinct downstream targets,The primary scale is tissue (uveal tract inflammation); confidence is 3 because the description compresses the inflammatory mechanism with multiple distinct complication states that are independently modeled as downstream nodes.
Blau_Syndrome,Cutaneous Granulomatosis,TISSUE,5,,,,Non-caseating granuloma formation in the dermis is a clean single-tissue single-process node with one clinical presentation; fully atomic with no bundling.
Blau_Syndrome,Visceral and Vascular Involvement,TISSUE,2,ORGANISM,,Split into: (1) Visceral organ involvement — granulomatous inflammation of liver/kidney/lung including interstitial lung disease; (2) Vascular involvement — granulomatous vasculitis of large and medium vessels,The node name contains an explicit conjunction (Visceral and Vascular) enumerating two mechanistically distinct expanded manifestation categories; confidence is 2 because visceral organ granulomas and vasculitis are different tissue compartments and pathological processes despite sharing the same upstream driver.
Endometriosis,Ectopic Endometrial Tissue,TISSUE,4,,,Split into: (1) Ectopic Endometrial Tissue on Ovaries; (2) Ectopic Endometrial Tissue on Fallopian Tubes; (3) Ectopic Endometrial Tissue on Pelvic Peritoneum — multi-site enumeration without explicit shared mechanism beyond seeding.,The node describes a persistent ectopic tissue state (endometrial-like tissue growing outside the uterus) which is a tissue-scale anatomical state.
Endometriosis,Retrograde Menstruation,TISSUE,5,,,,The node describes a tissue-scale physiological process — retrograde fluid flow through anatomical structures (fallopian tubes into pelvic cavity) — and is a single atomic causal process with no conjunction or multi-site bundling.
Endometriosis,Chronic Inflammation,TISSUE,4,,,"Split into: (1) Chronic Peritoneal Inflammatory Milieu (elevated cytokines and prostaglandins); (2) Adhesion Formation as inflammatory consequence — the description bundles the inflammatory state with its downstream structural outcome (adhesion formation), which is already a separate node, indicating the two claims are distinct.",The node describes a tissue-scale chronic inflammatory state in pelvic/peritoneal tissue driven by ectopic lesions.
Endometriosis,Estrogen Dependence,MOLECULAR,3,CELLULAR,,Split into: (1) Aberrant Aromatase Expression and Local Estrogen Biosynthesis in Endometriotic Stromal Cells; (2) Progesterone Resistance and Impaired Tissue Regression — these are two distinct molecular mechanisms (ectopic steroid synthesis vs receptor-level hormonal insensitivity) bundled under one node name.,The node centers on molecular-level aberrations in steroidogenic enzyme expression (aromatase) and steroid hormone signaling (progesterone resistance) within endometriotic stromal cells.
Endometriosis,Immune Dysfunction,CELLULAR,4,,,"Split into: (1) Peritoneal Macrophage Activation and Expansion; (2) NK Cell Cytotoxicity Suppression via ESC-Macrophage Crosstalk; (3) T Cell Dysfunction — the description explicitly enumerates three distinct immune cell-type dysfunctions, each of which is a separate cellular-scale claim with independent mechanisms.",The node describes cellular-scale immune cell dysfunction enabling ectopic endometrial cell survival by impairing immune clearance.
Endometriosis,Hypoxia and Angiogenesis,MOLECULAR,2,TISSUE,,Split into: (1) HIF-1alpha Stabilization under Lesion Hypoxia (molecular state); (2) VEGF-Driven Neovascularization and Lesion Angiogenesis (tissue process) — the node name conjunction 'and' marks two distinct scale levels: molecular HIF/VEGF upregulation and tissue-level vascular remodeling.,The node's primary mechanism is HIF-1alpha stabilization driving VEGF upregulation — a molecular regulatory cascade — though angiogenesis as the downstream tissue outcome pulls toward TISSUE scale.
Endometriosis,Adhesion Formation,TISSUE,5,,,,The node describes a single tissue-scale structural outcome — fibrous adhesions distorting pelvic anatomy — with one stated cause (chronic inflammation) and no conjunction or multi-mechanism bundling.
Endometriosis,Lesion-Peritoneal Neuroangiogenesis,TISSUE,3,CELLULAR,,"Split into: (1) Lesion-Associated Nerve Fiber Recruitment and Neurogenesis; (2) Lesion-Associated Vascular Remodeling — the node name combines 'neuro' and 'angio' processes that are mechanistically distinct (neurotrophin-driven axon ingrowth vs VEGF-driven vessel formation), each warranting its own node.",The node describes tissue-scale anatomical remodeling of nerve and vascular structures in and around endometriotic implants and peritoneum.
Endometriosis,Peripheral Nociceptor Sensitization,CELLULAR,4,,,Split into: (1) Inflammatory Mediator-Driven Nociceptor Sensitization; (2) Prolactin/Prolactin-Receptor-Mediated Nociceptor Sensitization — the description identifies two distinct upstream signaling pathways converging on the same cellular outcome; splitting would clarify the independent mediator contributions and enable separate evidence tracking.,The node describes a cellular-scale state — altered threshold of pelvic sensory neurons — driven by peritoneal and lesion-derived signals acting on nociceptor cells.
Endometriosis,Central Sensitization and Nociplastic Pain,TISSUE,3,ORGANISM,,"Split into: (1) Central Sensitization (spinal/supraspinal amplification of nociceptive input — tissue/CNS scale); (2) Nociplastic Pain as a Chronic Pain State (organism-level clinical phenotype) — the node name conjunction 'and' marks a mechanistic process (central sensitization) bundled with its clinical label (nociplastic pain), which are related but analytically distinct.",The node describes CNS tissue-level sensitization — altered pain processing in spinal and supraspinal structures — which operates at the tissue (neural tissue) scale rather than whole-organism systemic.
Familial_Hypercholesterolemia,LDLR Functional Defect,MOLECULAR,4,CELLULAR,,,"Node describes pathogenic LDLR variants reducing receptor synthesis, trafficking, ligand binding, internalization, or recycling — these are all molecular-scale defects in a specific protein/gene; the hepatocyte cell type is context not the scale of the mechanism."
Familial_Hypercholesterolemia,APOB-LDLR Binding Defect,MOLECULAR,5,,,,Node is entirely about defective protein-protein binding between apoB-containing LDL particles and the LDLR — a single molecular interaction failure; atomic and cleanly MOLECULAR.
Familial_Hypercholesterolemia,PCSK9 Gain-of-Function,MOLECULAR,4,CELLULAR,,,Node describes a gain-of-function variant state in the PCSK9 gene product causing increased protein activity — a molecular-level gain-of-function state; the downstream effect (LDLR degradation) is a separate node.
Familial_Hypercholesterolemia,LDLRAP1-Related LDL Uptake Defect,MOLECULAR,4,CELLULAR,,,Biallelic LDLRAP1 loss-of-function is a molecular/protein defect disrupting clathrin-mediated adaptor function; the cell-level consequence is a separate downstream node.
Familial_Hypercholesterolemia,APOE-Related Lipoprotein Clearance Defect,MOLECULAR,3,ORGANISM,,,"Node describes a rare APOE variant disrupting lipoprotein-receptor binding (molecular), but the clearance phenotype is systemic (organism-scale); the description bundles the variant mechanism with its systemic consequence, making this a borderline MOLECULAR/ORGANISM case."
Familial_Hypercholesterolemia,PCSK9-Mediated LDLR Degradation,CELLULAR,4,MOLECULAR,,,"Node describes the intracellular post-endocytic fate of mature LDLR in hepatocytes — the process (accelerated lysosomal degradation after endocytosis) happens within a single cell and results in fewer surface receptors; this is a cellular-scale process, though the triggering molecule (PCSK9) is molecular."
Familial_Hypercholesterolemia,Reduced Hepatic LDL Clearance,CELLULAR,4,TISSUE,,,"Node describes the convergent failure of receptor-mediated endocytosis and lysosomal processing in hepatocytes — a cellular process; the organ label (liver/hepatocyte) is the site, and the mechanism is explicitly at single-cell receptor-level function."
Familial_Hypercholesterolemia,Elevated Circulating LDL Cholesterol,ORGANISM,5,,,,Node describes a lifelong whole-body state of elevated circulating LDL-C — a systemic chemical accumulation state spanning the entire organism; canonical ORGANISM-scale state.
Familial_Hypercholesterolemia,Oxidized LDL Infiltration of Arterial Intima,TISSUE,4,ORGANISM,,,"Node describes oxidized LDL accumulating in the arterial intima (a specific anatomical structure) and the resulting lipid milieu — the scale is a defined anatomical layer (tunica intima), making this TISSUE."
Familial_Hypercholesterolemia,Macrophage Recruitment to Arterial Intima,TISSUE,4,CELLULAR,,,"Node describes inflammatory signaling within the lipid-rich intima recruiting macrophages — this is a tissue-level process (leukocyte trafficking into an anatomical compartment); the cell types are participants, not the scale of the event."
Familial_Hypercholesterolemia,Macrophage-Derived Foam Cell Formation,CELLULAR,5,,,,"Node describes macrophages internalizing oxidized lipoproteins and differentiating into foam cells — a canonical cellular differentiation process happening within individual macrophages; single cell-type, single process, atomic."
Familial_Hypercholesterolemia,Atherosclerotic Plaque Development,TISSUE,4,ORGANISM,,,Node describes chronic intimal lipid retention and inflammation producing plaque at a defined arterial anatomical site — the substrate is the vessel wall tissue (tunica intima) and the lesion is a tissue-level structure.
Familial_Hypercholesterolemia,Premature Atherosclerotic Cardiovascular Disease,ORGANISM,4,TISSUE,,Split into: (1) Premature Coronary Artery Disease (coronary arterial territory); (2) Cerebrovascular Atherosclerotic Disease (cerebrovascular territory); (3) Peripheral Arterial Disease (peripheral vascular territory),"Node lists CAD, angina, MI, stroke, and peripheral arterial disease — multiple distinct organ-territory manifestations of atherosclerosis enumerated together; however the description frames them as a systemic multi-organ clinical endpoint, so ORGANISM is justified, but the multi-organ enumeration in the downstream targets (coronary, cerebrovascular, peripheral) suggests this node bundles what could be separate per-territory outcome nodes."
Familial_Hypercholesterolemia,Extra-arterial Cholesterol Deposition,TISSUE,3,ORGANISM,,Split into: (1) Tendon and Cutaneous Cholesterol Deposition; (2) Corneal Cholesterol Deposition; (3) Aortic Valve Lipid Deposition and Calcification,"Node explicitly enumerates distinct anatomical sites — tendons, skin, cornea, aortic valve — without a shared mechanism beyond chronic LDL excess; these are already separated as downstream child nodes, so this parent node is a redundant bundle of three separate tissue-level processes."
Familial_Hypercholesterolemia,Tendon and Cutaneous Cholesterol Deposition,TISSUE,4,ORGANISM,,Split into: (1) Tendon Cholesterol Deposition (Achilles and hand tendons); (2) Cutaneous Cholesterol Deposition and Xanthelasma (skin and eyelid),"Node combines tendon and cutaneous (skin + eyelid) sites; tendons and skin/eyelid are anatomically distinct; the downstream targets already separate these into Tendon Xanthomas, Cutaneous Xanthomas, and Xanthelasma, suggesting the node is a bundle of two+ distinct tissue processes."
Familial_Hypercholesterolemia,Corneal Cholesterol Deposition,TISSUE,5,,,,"Node describes lipid deposition at a single anatomical site (peripheral cornea) producing corneal arcus — single location, single process, atomic TISSUE-scale node."
Familial_Hypercholesterolemia,Aortic Valve Lipid Deposition and Calcification,TISSUE,4,ORGANISM,,Split into: (1) Aortic Valve Lipid Deposition; (2) Fibrocalcific Remodeling of Aortic Valve,"Node name and description bundle the initial lipid retention event with the downstream fibrocalcific remodeling — these are mechanistically sequential distinct steps (lipid deposition → calcification); the intermediate mechanism field already notes 'valvular lipid retention followed by fibrocalcific remodeling,' confirming two steps are compressed into one node."
Parkinsons_Disease,Dopaminergic Neuron Loss,TISSUE,4,CELLULAR,,,The node describes progressive degeneration of a neuron population in a specific anatomical region (substantia nigra pars compacta); the substrate is a tissue-level lesion — the collective loss of a neuron population — rather than a single-cell process.
Parkinsons_Disease,Striatal Dopamine Deficiency,MOLECULAR,4,TISSUE,,,"The node is anchored on a chemical deficiency state (depleted dopamine concentration) in the striatum; although spatially located in a tissue, the mechanistic entity being described is the molecular/neurotransmitter deficit that drives downstream signaling changes."
Parkinsons_Disease,Basal Ganglia Circuit Dysfunction,TISSUE,5,,,"Split into: (1) Indirect-pathway hyperactivity node; (2) Direct-pathway hypoactivity node — the description explicitly names two distinct circuit-level imbalances (indirect hyperactive, direct hypoactive) that could be separate mechanistic claims, though they share the same dopamine-depletion cause.","The node describes a circuit-level aberrant state spanning an anatomical structure (basal ganglia), making TISSUE the clear primary kind; the substrate is the multi-cell ensemble circuit, not a single molecular species or single cell."
Parkinsons_Disease,Alpha-Synuclein Aggregation,MOLECULAR,4,TISSUE,,,"The node centers on the molecular process of a protein misfold-and-aggregate event (inclusion body assembly of alpha-synuclein); even though propagation is described, the primary claim is about molecular-scale protein state transitions."
Parkinsons_Disease,Mitochondrial Dysfunction,CELLULAR,4,MOLECULAR,,,"The node describes organelle-level impairment (complex I deficiency, mitochondrial quality control failure) within dopaminergic neurons; this is a cellular/organelle-scale state, even though individual gene products are named."
Parkinsons_Disease,Neuroinflammation,TISSUE,5,,,,"The node describes a tissue-level inflammatory process driven by activated microglia and astrocytes across CNS tissue; individual cell types are named but the mechanism is the coordinated tissue response, not a single-cell phenomenon."
Parkinsons_Disease,Complement C3-C3aR Activation in Depression,MOLECULAR,3,CELLULAR,,Split into: (1) Complement cascade molecular activation node (C3-C3aR signaling pathway upregulation); (2) Microglial synaptic pruning node (cellular phagocytosis of synapses); (3) Depression phenotypic outcome node — the description bundles a molecular pathway activation with a cellular effector mechanism and a behavioral outcome.,"The primary mechanistic claim is a specific molecular signaling axis (C3-C3aR), but microglial synaptic engulfment is a distinct cellular-scale process also embedded in this node; confidence is moderate because the node straddles molecular and cellular scales."
Parkinsons_Disease,Autophagy-Lysosome Pathway Dysfunction,CELLULAR,5,,,,The node describes organelle-system dysfunction (autophagy and lysosomal pathways) within dopaminergic neurons; this is a canonical cellular-scale process (protein degradation machinery impairment) even though multiple genes are named.
Parkinsons_Disease,Gut Microbiome Dysbiosis,ORGANISM,4,TISSUE,,,"The node describes a systemic-scale state — composition shift of the entire gut microbial community — that spans the intestinal tract; this is an organism-level ecological state, not a tissue or cell process."
Parkinsons_Disease,Intestinal Inflammation and Barrier Dysfunction,TISSUE,3,ORGANISM,,Split into: (1) Intestinal inflammation node (inflammatory response in gut tissue); (2) Intestinal barrier permeability node (tight junction/barrier integrity loss) — the name and description explicitly bundle two distinct tissue-level pathological states that have separable molecular and cellular mechanisms.,The node spans a tissue-level process (gut mucosal inflammation) and a structural tissue property (barrier permeability); both are TISSUE-scale but they are mechanistically distinct claims warranting separate nodes.
Parkinsons_Disease,Enteric Alpha-Synuclein Seeding,MOLECULAR,4,CELLULAR,,,"The node describes the initiation of a protein misfolding/templating event (alpha-synuclein inclusion body assembly) in enteric neurons; the primary mechanistic claim is the molecular seeding event, localized to the enteric nervous system."
Parkinsons_Disease,Vagal-Brainstem Alpha-Synuclein Propagation,TISSUE,4,MOLECULAR,,,"The node describes trans-anatomical propagation of alpha-synuclein pathology through an anatomical conduit (vagus nerve to brainstem); the substrate is the multi-region propagation pathway through tissue structures, making TISSUE the best fit over the molecular protein state."
Parkinsons_Disease,Central Alpha-Synuclein Initiation,TISSUE,3,MOLECULAR,,"Split into: (1) CNS site-of-initiation node (olfactory bulb or amygdala origin); (2) Central network propagation node (spread through connected brain regions) — the description bundles the initiation event in one or two sites with subsequent centrifugal propagation across brain networks, which are mechanistically separable steps.","The node describes both a site-of-initiation (olfactory bulb/amygdala, tissue-scale) and propagation through central networks; the two locations listed (olfactory bulb, amygdala) also suggest a possible multi-site bundle."
Parkinsons_Disease,Oxidative Stress,CELLULAR,4,MOLECULAR,,,"The node describes the cellular consequences of ROS excess (lipid peroxidation, protein carbonylation, DNA damage) within dopaminergic neurons; although ROS are molecular species, the process being described is the cellular oxidative stress response and damage cascade."
Parkinsons_Disease,Calcium Dysregulation,CELLULAR,4,MOLECULAR,,,"The node describes disrupted calcium homeostasis across organellar compartments (mitochondria, ER, lysosomes) within substantia nigra neurons; this is a cellular-scale ionic homeostasis failure, even though the named channel (CaV1.3) is a molecular entity."
Parkinsons_Disease,Endoplasmic Reticulum Stress,CELLULAR,5,,,,The node describes organelle-specific stress (ER unfolded protein response and UPR activation) within dopaminergic neurons; this is a canonical cellular/organelle-scale process.
Parkinsons_Disease,Synaptic Dysfunction,CELLULAR,4,MOLECULAR,,,"The node describes impaired synaptic vesicle recycling machinery (endocytosis defects) within dopaminergic neurons; the substrate is cellular-scale organelle/membrane trafficking, driven by gene products acting within one cell."
Parkinsons_Disease,Iron Accumulation and Ferroptosis,CELLULAR,3,MOLECULAR,,Split into: (1) Iron accumulation/dysregulation node (abnormal iron deposition and intracellular iron homeostasis failure); (2) Ferroptosis node (iron-dependent cell death via lipid peroxidation) — the node name explicitly joins two distinct mechanistic claims with 'and': an upstream metal homeostasis state and a downstream regulated cell-death process.,"The node bundles an iron metabolism state (accumulation) with a cell death program (ferroptosis); both are cellular-scale but they are distinct causal steps that should be separate nodes, following the spec's 'etiology bundled with consequence' pattern."
Parkinsons_Disease,Blood-Brain Barrier Dysfunction,TISSUE,5,,,,"The node describes a structural tissue property (BBB integrity failure) involving three distinct cell types that collectively form the neurovascular unit; the substrate is clearly a tissue-level structure and its maintenance, not a single-cell or molecular event."
Parkinsons_Disease,Metabolic Dysfunction and Weight Loss,ORGANISM,3,TISSUE,,"Split into: (1) Metabolic dysregulation node (neuroendocrine hormone imbalances, reduced metabolic rate, dopaminergic-medication effects on metabolism); (2) Weight loss and nutritional decline node (the systemic outcome of progressive weight loss and nutritional compromise) — the name joins a mechanism ('Metabolic Dysfunction') with its consequence ('Weight Loss') in a single node, and the description enumerates multiple heterogeneous contributing mechanisms.","The node describes a multi-mechanism systemic process (ORGANISM-scale) but bundles mechanism with outcome and lists multiple heterogeneous contributing pathways (neuroendocrine, GI, cognitive, medication effects) that span different scales."
Phenylketonuria,Biallelic PAH Pathogenic Variant Burden,MOLECULAR,4,,,Split into: (1) Biallelic PAH Pathogenic Variant Burden — the genetic lesion state (variant combinations exist); (2) Variant Severity Classification — the observation that variant type determines disease severity spectrum (classic vs mild PKU vs non-PKU HPA),Node is primarily a molecular-genetic state (variant burden exists reducing PAH activity) but also bundles a downstream consequence — that severity is graded by residual activity — which is a second mechanistic claim about genotype-phenotype correlation.
Phenylketonuria,Near-Complete PAH Activity Loss,MOLECULAR,5,,,,Node describes a single molecular state: complete or near-complete loss of PAH enzymatic activity due to severe biallelic variants; well-scoped to one scale and one mechanism.
Phenylketonuria,Residual PAH Activity and BH4 Responsiveness,MOLECULAR,4,,,Split into: (1) Residual PAH Activity — partial retention of phenylalanine hydroxylase function in hypomorphic allele carriers; (2) BH4 Pharmacological Responsiveness — the functionally distinct property that residual-activity enzyme can be activated by tetrahydrobiopterin,Name uses conjunction 'and' linking two distinct molecular claims: residual activity (enzyme quantity/function state) and BH4 responsiveness (a pharmacodynamic property); clean MOLECULAR for both but each is a separate assertion.
Phenylketonuria,Hepatic PAH Enzyme Deficiency,MOLECULAR,4,CELLULAR,,,"Node sits at the boundary of molecular (enzyme activity loss) and cellular (hepatocyte as the cellular locus); primary scale is molecular because the substrate is enzymatic activity, with hepatocyte as location context rather than the defining feature."
Phenylketonuria,Hyperphenylalaninemia,ORGANISM,5,,,,Systemic elevation of phenylalanine across blood and tissues is a whole-body metabolite state; the spec explicitly cites 'chronic metabolite elevation' as an ORGANISM-scale state example.
Phenylketonuria,Protein Insufficiency During Dietary Therapy,ORGANISM,4,MOLECULAR,,,"Protein insufficiency is a systemic nutritional-metabolic state spanning multiple organ systems and reflected by plasma prealbumin; categorized ORGANISM rather than MOLECULAR because the deficiency is a whole-body nutritional status, not a single molecular reaction."
Phenylketonuria,Reduced Bone Mineral Density in PKU,TISSUE,5,,,,"Bone mineral density is a tissue-level compositional state within skeletal tissue; the node's substrate is the bone organ compartment and its mineralization process, cleanly TISSUE."
Phenylketonuria,Maternal Hyperphenylalaninemia Teratogenicity,ORGANISM,4,TISSUE,,"Split into: (1) Maternal Hyperphenylalaninemia during Pregnancy — systemic elevated phenylalanine in the mother; (2) Fetal Teratogenic Exposure — the developmental consequence in offspring (heart defects, microcephaly); these are two distinct organisms and two distinct scales","The node bundles the maternal systemic metabolite state with offspring organ-level developmental consequences; etiology (maternal Phe burden) is conflated with consequence (fetal cardiac malformation), two claims that differ in mechanism and organism."
Phenylketonuria,Relative Tyrosine Deficiency,MOLECULAR,5,,,,"Single molecular state: reduced systemic tyrosine due to blocked PAH-mediated conversion; despite systemic distribution, the substrate is a specific metabolite whose depletion is the defining claim."
Phenylketonuria,Competitive Large Neutral Amino Acid Transport at the Blood-Brain Barrier,MOLECULAR,4,TISSUE,,,"Node describes competitive transport mechanism among LNAAs at the BBB transporter; the process is molecular (transporter competition for substrate binding sites), located at a tissue structure but the mechanism is molecular transport."
Phenylketonuria,Reduced Serotonin Biosynthesis,MOLECULAR,5,,,,"Single molecular state: impaired serotonin biosynthetic process due to tryptophan substrate depletion and phenylalanine inhibition; substrate is a specific biosynthetic pathway, cleanly MOLECULAR."
Phenylketonuria,Reduced Dopamine Biosynthesis,MOLECULAR,5,,,,"Single molecular state: impaired dopamine biosynthesis due to tyrosine substrate depletion and phenylalanine inhibition; well-scoped to one molecular pathway, no bundling."
Phenylketonuria,Brain Phenylalanine Toxicity,TISSUE,3,ORGANISM,,"Split into: (1) Elevated Brain Phenylalanine Concentration — the molecular/tissue state of Phe accumulation in CNS; (2) Diffuse Brain Dysfunction — the tissue-level consequence (abnormal brain physiology driving microcephaly, encephalopathy, white matter injury, seizures, etc.)","Node bundles the neurotoxic agent state (high Phe in brain) with multiple distinct downstream tissue-level and organismal consequences spanning white matter injury, microcephaly, encephalopathy, and seizures; mechanism and outcome are merged in one node."
Phenylketonuria,White Matter and Subcortical Structural Injury,TISSUE,5,,,,"Node describes a persistent tissue-level structural state: white matter lesions and subcortical volume loss within the CNS; the substrate is anatomical brain structure, cleanly TISSUE."
Phenylketonuria,Neurocognitive Dysfunction,ORGANISM,4,TISSUE,,,"Neurocognitive impairment is a whole-organism functional state encompassing cognition, executive function, attention, behavior, and intelligence; while neurons (CELLULAR) are the cellular substrate, the clinical phenomenon is systemic/organismal."
Phenylketonuria,Impaired Melanin Biosynthesis,MOLECULAR,5,,,,Single molecular process: reduced melanin biosynthesis due to tyrosine substrate limitation; the pathway is well-defined and the node is focused on one biosynthetic process.
Phenylketonuria,Phenylketone Accumulation,MOLECULAR,4,ORGANISM,,,"Alternative phenylalanine catabolism producing phenylketones is primarily a molecular-state claim (specific metabolites accumulate); though systemic, the defining feature is the chemical identity of the accumulating metabolites, placing it at MOLECULAR rather than ORGANISM scale."
Wilms_Tumor,WT1 Inactivation,MOLECULAR,3,CELLULAR,,Split into: (1) WT1 gene inactivation / loss-of-function mutation event (MOLECULAR state); (2) Downstream failure of nephron progenitor cell differentiation due to WT1 loss (CELLULAR process),"The node's substrate is the WT1 gene and protein (MOLECULAR), but the description conflates the mutation event with its cell-developmental consequences in metanephric mesenchyme cells, making it a bundle of MOLECULAR cause and CELLULAR effect."
Wilms_Tumor,WTX (AMER1) Inactivation,MOLECULAR,4,,,,"The substrate is the WTX/AMER1 gene and protein within the beta-catenin destruction complex; the node describes a molecular state (gene inactivated, pathway constituent lost) with one clear downstream consequence named separately."
Wilms_Tumor,CTNNB1 Activating Mutation,MOLECULAR,4,CELLULAR,,Split into: (1) CTNNB1 exon 3 activating mutation stabilizing beta-catenin protein (MOLECULAR state); (2) Consequences in nephrogenic zone cells driving proliferation and blocking differentiation (CELLULAR process),"Primary substrate is the CTNNB1 gene and beta-catenin protein (MOLECULAR), but the description bundles the mutation event with its cell-level effects on nephrogenic zone cells, warranting a split."
Wilms_Tumor,Canonical Wnt Signaling Hyperactivation,CELLULAR,4,MOLECULAR,,,"Wnt/beta-catenin signaling operates as an intracellular cascade within nephrogenic zone cells; the node describes sustained aberrant signaling state within a cell type, placing it at CELLULAR scale rather than purely MOLECULAR."
Wilms_Tumor,Blocked Nephron Differentiation,CELLULAR,4,TISSUE,,,"The substrate is a cell-level process—blastemal cells retaining proliferative capacity and failing terminal differentiation—occurring within nephrogenic rests; the tissue lesion (nephrogenic rest) is context, not the primary claim."
Wilms_Tumor,IGF2 Loss of Imprinting,MOLECULAR,4,CELLULAR,,Split into: (1) Epigenetic loss of imprinting at 11p15 locus leading to biallelic IGF2 expression (MOLECULAR state); (2) IGF2 overexpression driving proliferation of embryonic renal cells (CELLULAR/downstream process),"Primary substrate is the epigenetic/imprinting state at the IGF2 locus (MOLECULAR), but the description bundles the epigenetic alteration with its growth-promoting consequence on embryonic renal cells, making it an etiology-plus-consequence bundle."
Wilms_Tumor,MicroRNA Processing Defect,MOLECULAR,3,CELLULAR,,Split into: (1) DROSHA/DICER1 mutation causing disrupted miRNA biogenesis (MOLECULAR state); (2) Derepression of target genes reinforcing self-renewing mesenchymal state in blastemal cells (CELLULAR process),"The substrate spans two scales: the miRNA processing machinery is MOLECULAR, but the consequence—reinforcing a self-renewing mesenchymal cellular state—is CELLULAR; the description explicitly describes both the molecular defect and its cell-state outcome."
Wilms_Tumor,Nephron Progenitor Self-Renewal,CELLULAR,4,MOLECULAR,,,SIX1/SIX2 hotspot mutations reinforce a transcriptional program that maintains nephron progenitor cells in an embryonal proliferative state; the central claim is a cellular state (cell type locked in self-renewal) mediated by transcription factor activity.
Wilms_Tumor,Persistent Blastemal Progenitor State,CELLULAR,4,TISSUE,,,"The node describes a maintained aberrant cellular state—embryonal blastemal cells with high proliferative capacity and failed differentiation—across two cell types; despite listing two cell types, both participate in the same shared mechanistic claim (retained progenitor identity), so no split is warranted."
Wilms_Tumor,Wilms Tumor Outgrowth,TISSUE,4,CELLULAR,,,Persisting progenitors expanding into overt nephroblastoma—a renal mass with blastemal/epithelial/stromal elements—is a tissue-scale state (the tumor lesion exists as an anatomical entity within the kidney).
Wilms_Tumor,TP53-Deficient Anaplastic Progression,MOLECULAR,3,CELLULAR,,Split into: (1) TP53 dysfunction / loss (MOLECULAR state: gene inactivated; apoptosis and DNA repair impaired at molecular level); (2) Progression to aggressive anaplastic cellular phenotype with treatment resistance (CELLULAR/TISSUE consequence),"The node bundles a MOLECULAR event (TP53 loss disrupting apoptosis and DNA repair pathways) with its downstream consequence (anaplastic progression toward an aggressive treatment-resistant state), fitting the etiology-bundled-with-consequence pattern."
